Year,Country of Origin Code,Country of Asylum Code,Country of Origin Name,Country of Asylum Name,Procedure Type,Procedure Name,Application Type Code,Application Type,Application Data Type,Application Data,Application Average Persons Per Case,Number of Applications,,
#date+year,#country+code+origin,#country+code+asylum,#country+name+origin,#country+name+asylum,#indicator+procedure_type,#indicator+procedure+name,#indicator+application_type+code,#indicator+application_type,#indicator+application_data_type,#indicator+application_data,#indicator+application_average_persons+num,#inneed+asylum_seekers+applications,,
2000,NPL,AUS,Nepal,Australia,G,Government,V,,C,Cases,0,90,,
2000,NPL,AUS,Nepal,Australia,G,Government,V,,C,Cases,0,103,,
2000,NPL,AUT,Nepal,Austria,G,Government,V,,P,Persons,0,34,,
2000,NPL,BEL,Nepal,Belgium,G,Government,V,,P,Persons,0,366,,
2000,NPL,CAN,Nepal,Canada,G,Government,V,,P,Persons,0,18,,
2000,NPL,DNK,Nepal,Denmark,G,Government,V,,P,Persons,0,15,,
2000,NPL,FRA,Nepal,France,G,Government,V,,P,Persons,0,6,,
2000,NPL,DEU,Nepal,Germany,G,Government,V,,P,Persons,0,68,,
2000,NPL,DEU,Nepal,Germany,G,Government,V,,P,Persons,0,69,,
2000,NPL,HUN,Nepal,Hungary,G,Government,V,,P,Persons,0,5,,
2000,NPL,NLD,Nepal,Netherlands,G,Government,V,,P,Persons,0,89,,
2000,NPL,NOR,Nepal,Norway,G,Government,V,,P,Persons,0,26,,
2000,NPL,SVK,Nepal,Slovakia,G,Government,V,,P,Persons,0,14,,
2000,NPL,CHE,Nepal,Switzerland,G,Government,V,,P,Persons,0,22,,
2000,NPL,USA,Nepal,United States of America,G,Government,N,New,C,Cases,0,57,,
2000,NPL,USA,Nepal,United States of America,G,Government,N,New,C,Cases,0,28,,1010
2001,NPL,AUS,Nepal,Australia,G,Government,V,,C,Cases,0,57,,
2001,NPL,AUS,Nepal,Australia,G,Government,V,,C,Cases,0,92,,
2001,NPL,AUT,Nepal,Austria,G,Government,V,,P,Persons,0,23,,
2001,NPL,BEL,Nepal,Belgium,G,Government,V,,P,Persons,0,5,,
2001,NPL,BEL,Nepal,Belgium,G,Government,V,,P,Persons,0,550,,
2001,NPL,CAN,Nepal,Canada,G,Government,V,,P,Persons,0,51,,
2001,NPL,DNK,Nepal,Denmark,G,Government,V,,P,Persons,0,5,,
2001,NPL,FRA,Nepal,France,G,Government,V,,P,Persons,0,7,,
2001,NPL,GBR,Nepal,United Kingdom of Great Britain and Northern Ireland,G,Government,V,,C,Cases,0,640,,
2001,NPL,DEU,Nepal,Germany,G,Government,V,,P,Persons,0,175,,
2001,NPL,DEU,Nepal,Germany,G,Government,V,,P,Persons,0,23,,
2001,NPL,HUN,Nepal,Hungary,G,Government,V,,P,Persons,0,6,,
2001,NPL,MYS,Nepal,Malaysia,U,UNHCR,V,,P,Persons,0,5,,
2001,NPL,NLD,Nepal,Netherlands,G,Government,V,,P,Persons,0,12,,
2001,NPL,NOR,Nepal,Norway,G,Government,V,,P,Persons,0,97,,
2001,NPL,NZL,Nepal,New Zealand,G,Government,V,,P,Persons,0,17,,
2001,NPL,ESP,Nepal,Spain,G,Government,V,,P,Persons,0,16,,
2001,NPL,SVK,Nepal,Slovakia,G,Government,V,,P,Persons,0,14,,
2001,NPL,SWE,Nepal,Sweden,G,Government,V,,P,Persons,0,6,,
2001,NPL,CHE,Nepal,Switzerland,G,Government,V,,P,Persons,0,38,,
2001,NPL,USA,Nepal,United States of America,G,Government,N,New,C,Cases,0,69,,
2001,NPL,USA,Nepal,United States of America,G,Government,N,New,C,Cases,0,53,,1961
2002,NPL,AUS,Nepal,Australia,G,Government,V,,C,Cases,0,97,,
2002,NPL,AUS,Nepal,Australia,G,Government,V,,P,Persons,0,73,,
2002,NPL,AUT,Nepal,Austria,G,Government,V,,P,Persons,0,117,,
2002,NPL,BEL,Nepal,Belgium,G,Government,V,,P,Persons,0,181,,
2002,NPL,BEL,Nepal,Belgium,G,Government,V,,P,Persons,0,210,,
2002,NPL,CAN,Nepal,Canada,G,Government,V,,P,Persons,0,79,,
2002,NPL,DNK,Nepal,Denmark,G,Government,V,,P,Persons,0,20,,
2002,NPL,FIN,Nepal,Finland,G,Government,V,,P,Persons,0,5,,
2002,NPL,FRA,Nepal,France,G,Government,V,,P,Persons,0,10,,
2002,NPL,DEU,Nepal,Germany,G,Government,V,,P,Persons,0,311,,
2002,NPL,DEU,Nepal,Germany,G,Government,V,,P,Persons,0,41,,
2002,NPL,NLD,Nepal,Netherlands,G,Government,V,,P,Persons,0,37,,
2002,NPL,NOR,Nepal,Norway,G,Government,V,,P,Persons,0,64,,
2002,NPL,NZL,Nepal,New Zealand,G,Government,V,,P,Persons,0,5,,
2002,NPL,SVK,Nepal,Slovakia,G,Government,V,,P,Persons,0,67,,
2002,NPL,SWE,Nepal,Sweden,G,Government,V,,P,Persons,0,33,,
2002,NPL,CHE,Nepal,Switzerland,G,Government,V,,P,Persons,0,52,,
2002,NPL,USA,Nepal,United States of America,G,Government,N,New,P,Persons,0,114,,
2002,NPL,USA,Nepal,United States of America,G,Government,N,New,C,Cases,0,172,,1688
2003,NPL,AUS,Nepal,Australia,G,Government,V,,C,Cases,0,44,,
2003,NPL,AUS,Nepal,Australia,G,Government,V,,P,Persons,0,57,,
2003,NPL,AUT,Nepal,Austria,G,Government,V,,P,Persons,0,33,,
2003,NPL,BEL,Nepal,Belgium,G,Government,V,,P,Persons,0,48,,
2003,NPL,BEL,Nepal,Belgium,G,Government,V,,P,Persons,0,100,,
2003,NPL,CAN,Nepal,Canada,G,Government,V,,P,Persons,0,66,,
2003,NPL,DNK,Nepal,Denmark,G,Government,V,,P,Persons,0,17,,
2003,NPL,FIN,Nepal,Finland,G,Government,V,,P,Persons,0,5,,
2003,NPL,FRA,Nepal,France,G,Government,V,,P,Persons,0,15,,
2003,NPL,GBR,Nepal,United Kingdom of Great Britain and Northern Ireland,G,Government,V,,P,Persons,0,229,,
2003,NPL,DEU,Nepal,Germany,G,Government,V,,P,Persons,0,173,,
2003,NPL,DEU,Nepal,Germany,G,Government,V,,P,Persons,0,35,,
2003,NPL,HKG,Nepal,"China, Hong Kong Special Administrative Region",U,UNHCR,V,,P,Persons,0,12,,
2003,NPL,MYS,Nepal,Malaysia,U,UNHCR,V,,P,Persons,0,9,,
2003,NPL,NLD,Nepal,Netherlands,G,Government,V,,P,Persons,0,59,,
2003,NPL,NOR,Nepal,Norway,G,Government,V,,P,Persons,0,47,,
2003,NPL,NZL,Nepal,New Zealand,G,Government,V,,P,Persons,0,5,,
2003,NPL,ESP,Nepal,Spain,G,Government,V,,P,Persons,0,11,,
2003,NPL,SVK,Nepal,Slovakia,G,Government,V,,P,Persons,0,5,,
2003,NPL,SWE,Nepal,Sweden,G,Government,V,,P,Persons,0,20,,
2003,NPL,CHE,Nepal,Switzerland,G,Government,V,,P,Persons,0,41,,
2003,NPL,THA,Nepal,Thailand,U,UNHCR,V,,P,Persons,0,14,,
2003,NPL,USA,Nepal,United States of America,G,Government,N,New,P,Persons,0,240,,
2003,NPL,USA,Nepal,United States of America,G,Government,N,New,C,Cases,0,314,,1599
2004,NPL,AUS,Nepal,Australia,G,Government,V,,C,Cases,0,48,,
2004,NPL,AUS,Nepal,Australia,G,Government,V,,P,Persons,0,40,,
2004,NPL,AUT,Nepal,Austria,G,Government,V,,P,Persons,0,69,,
2004,NPL,BEL,Nepal,Belgium,G,Government,V,,P,Persons,0,136,,
2004,NPL,BEL,Nepal,Belgium,G,Government,V,,P,Persons,0,373,,
2004,NPL,CAN,Nepal,Canada,G,Government,V,,P,Persons,0,67,,
2004,NPL,CYP,Nepal,Cyprus,G,Government,V,,P,Persons,0,87,,
2004,NPL,DNK,Nepal,Denmark,G,Government,V,,P,Persons,0,6,,
2004,NPL,FRA,Nepal,France,G,Government,V,,P,Persons,0,20,,
2004,NPL,GBR,Nepal,United Kingdom of Great Britain and Northern Ireland,G,Government,V,,P,Persons,0,104,,
2004,NPL,DEU,Nepal,Germany,G,Government,V,,P,Persons,0,130,,
2004,NPL,DEU,Nepal,Germany,G,Government,V,,P,Persons,0,26,,
2004,NPL,HKG,Nepal,"China, Hong Kong Special Administrative Region",U,UNHCR,V,,P,Persons,0,278,,
2004,NPL,HUN,Nepal,Hungary,G,Government,V,,P,Persons,0,24,,
2004,NPL,IRL,Nepal,Ireland,G,Government,V,,P,Persons,0,18,,
2004,NPL,ISR,Nepal,Israel,G,Government,V,,P,Persons,0,6,,
2004,NPL,JPN,Nepal,Japan,G,Government,V,,P,Persons,0,5,,
2004,NPL,MYS,Nepal,Malaysia,U,UNHCR,V,,P,Persons,0,18,,
2004,NPL,NLD,Nepal,Netherlands,G,Government,V,,P,Persons,0,156,,
2004,NPL,NOR,Nepal,Norway,G,Government,V,,P,Persons,0,91,,
2004,NPL,NZL,Nepal,New Zealand,G,Government,V,,P,Persons,0,8,,
2004,NPL,NZL,Nepal,New Zealand,G,Government,V,,P,Persons,0,7,,
2004,NPL,POL,Nepal,Poland,G,Government,V,,P,Persons,0,5,,
2004,NPL,ESP,Nepal,Spain,G,Government,V,,P,Persons,0,5,,
2004,NPL,SVK,Nepal,Slovakia,G,Government,V,,P,Persons,0,12,,
2004,NPL,SWE,Nepal,Sweden,G,Government,V,,P,Persons,0,35,,
2004,NPL,CHE,Nepal,Switzerland,G,Government,V,,P,Persons,0,25,,
2004,NPL,THA,Nepal,Thailand,U,UNHCR,V,,P,Persons,0,54,,
2004,NPL,USA,Nepal,United States of America,G,Government,N,New,P,Persons,0,23,,
2004,NPL,USA,Nepal,United States of America,G,Government,N,New,C,Cases,0,298,,2174
2005,NPL,AUS,Nepal,Australia,G,Government,V,,C,Cases,0,60,,
2005,NPL,AUS,Nepal,Australia,G,Government,V,,P,Persons,0,73,,
2005,NPL,AUT,Nepal,Austria,G,Government,V,,P,Persons,0,78,,
2005,NPL,BEL,Nepal,Belgium,G,Government,V,,P,Persons,0,305,,
2005,NPL,BEL,Nepal,Belgium,G,Government,V,,P,Persons,0,557,,
2005,NPL,BGR,Nepal,Bulgaria,G,Government,V,,P,Persons,0,5,,
2005,NPL,CAN,Nepal,Canada,G,Government,V,,P,Persons,0,65,,
2005,NPL,CYP,Nepal,Cyprus,G,Government,V,,P,Persons,0,77,,
2005,NPL,DNK,Nepal,Denmark,G,Government,V,,P,Persons,0,10,,
2005,NPL,FIN,Nepal,Finland,G,Government,V,,P,Persons,0,5,,
2005,NPL,FRA,Nepal,France,G,Government,V,,P,Persons,0,43,,
2005,NPL,FRA,Nepal,France,G,Government,V,,P,Persons,0,5,,
2005,NPL,GBR,Nepal,United Kingdom of Great Britain and Northern Ireland,G,Government,V,,P,Persons,0,77,,
2005,NPL,DEU,Nepal,Germany,G,Government,V,,P,Persons,0,67,,
2005,NPL,DEU,Nepal,Germany,G,Government,V,,P,Persons,0,29,,
2005,NPL,HKG,Nepal,"China, Hong Kong Special Administrative Region",U,UNHCR,V,,P,Persons,0,101,,
2005,NPL,HKG,Nepal,"China, Hong Kong Special Administrative Region",U,UNHCR,V,,P,Persons,0,5,,
2005,NPL,HUN,Nepal,Hungary,G,Government,V,,P,Persons,0,5,,
2005,NPL,HUN,Nepal,Hungary,G,Government,V,,P,Persons,0,5,,
2005,NPL,IRL,Nepal,Ireland,G,Government,V,,P,Persons,0,5,,
2005,NPL,JPN,Nepal,Japan,G,Government,V,,P,Persons,0,5,,
2005,NPL,KOR,Nepal,Republic of Korea,G,Government,V,,P,Persons,0,8,,
2005,NPL,LUX,Nepal,Luxembourg,G,Government,V,,P,Persons,0,5,,
2005,NPL,MEX,Nepal,Mexico,G,Government,V,,P,Persons,0,10,,
2005,NPL,MYS,Nepal,Malaysia,U,UNHCR,V,,P,Persons,0,303,,
2005,NPL,NLD,Nepal,Netherlands,G,Government,V,,P,Persons,0,152,,
2005,NPL,NOR,Nepal,Norway,G,Government,V,,P,Persons,0,104,,
2005,NPL,NZL,Nepal,New Zealand,G,Government,V,,P,Persons,0,12,,
2005,NPL,NZL,Nepal,New Zealand,G,Government,V,,P,Persons,0,19,,
2005,NPL,POL,Nepal,Poland,G,Government,V,,P,Persons,0,5,,
2005,NPL,PRT,Nepal,Portugal,G,Government,V,,P,Persons,0,5,,
2005,NPL,ESP,Nepal,Spain,G,Government,V,,P,Persons,0,16,,
2005,NPL,SWE,Nepal,Sweden,G,Government,V,,P,Persons,0,16,,
2005,NPL,CHE,Nepal,Switzerland,G,Government,V,,P,Persons,0,95,,
2005,NPL,THA,Nepal,Thailand,U,UNHCR,V,,P,Persons,0,16,,
2005,NPL,THA,Nepal,Thailand,U,UNHCR,V,,P,Persons,0,100,,
2005,NPL,UKR,Nepal,Ukraine,G,Government,V,,P,Persons,0,5,,
2005,NPL,USA,Nepal,United States of America,G,Government,N,New,P,Persons,0,28,,
2005,NPL,USA,Nepal,United States of America,G,Government,N,New,C,Cases,0,387,,2868
2006,NPL,AUS,Nepal,Australia,G,Government,A,Appeal,C,Cases,0,64,,
2006,NPL,AUS,Nepal,Australia,G,Government,N,New,P,Persons,0,36,,
2006,NPL,AUT,Nepal,Austria,G,Government,NR,New and repeat,P,Persons,0,36,,
2006,NPL,BEL,Nepal,Belgium,G,Government,A,Appeal,P,Persons,0,150,,
2006,NPL,BEL,Nepal,Belgium,G,Government,N,New,P,Persons,0,216,,
2006,NPL,CAN,Nepal,Canada,G,Government,N,New,P,Persons,0,147,,
2006,NPL,CYP,Nepal,Cyprus,G,Government,A,Appeal,P,Persons,0,5,,
2006,NPL,CYP,Nepal,Cyprus,G,Government,N,New,P,Persons,0,65,,
2006,NPL,DNK,Nepal,Denmark,G,Government,N,New,P,Persons,0,5,,
2006,NPL,ECU,Nepal,Ecuador,J,Joint,N,New,P,Persons,1.5,13,,
2006,NPL,FIN,Nepal,Finland,G,Government,N,New,P,Persons,0,5,,
2006,NPL,FRA,Nepal,France,G,Government,N,New,P,Persons,0,20,,
2006,NPL,GBR,Nepal,United Kingdom of Great Britain and Northern Ireland,G,Government,N,New,P,Persons,0,54,,
2006,NPL,DEU,Nepal,Germany,G,Government,NA,New and appeal,P,Persons,0,32,,
2006,NPL,DEU,Nepal,Germany,G,Government,R,Repeat,P,Persons,0,22,,
2006,NPL,GRC,Nepal,Greece,G,Government,N,New,P,Persons,0,5,,
2006,NPL,HKG,Nepal,"China, Hong Kong Special Administrative Region",U,UNHCR,A,Appeal,P,Persons,1,28,,
2006,NPL,HKG,Nepal,"China, Hong Kong Special Administrative Region",U,UNHCR,N,New,P,Persons,1,75,,
2006,NPL,HKG,Nepal,"China, Hong Kong Special Administrative Region",U,UNHCR,R,Repeat,P,Persons,1,9,,
2006,NPL,HUN,Nepal,Hungary,G,Government,N,New,P,Persons,1,6,,
2006,NPL,IDN,Nepal,Indonesia,U,UNHCR,NR,New and repeat,P,Persons,1,5,,
2006,NPL,IRL,Nepal,Ireland,G,Government,A,Appeal,P,Persons,0,9,,
2006,NPL,IRL,Nepal,Ireland,G,Government,N,New,P,Persons,0,7,,
2006,NPL,ISR,Nepal,Israel,J,Joint,N,New,C,Cases,0,8,,
2006,NPL,JPN,Nepal,Japan,G,Government,N,New,P,Persons,0,11,,
2006,NPL,KOR,Nepal,Republic of Korea,G,Government,NR,New and repeat,P,Persons,0,78,,
2006,NPL,MEX,Nepal,Mexico,G,Government,N,New,P,Persons,0,6,,
2006,NPL,MYS,Nepal,Malaysia,U,UNHCR,NR,New and repeat,P,Persons,2.2,26,,
2006,NPL,NLD,Nepal,Netherlands,G,Government,N,New,P,Persons,0,58,,
2006,NPL,NOR,Nepal,Norway,G,Government,A,Appeal,P,Persons,0,113,,
2006,NPL,NOR,Nepal,Norway,G,Government,N,New,P,Persons,0,60,,
2006,NPL,NZL,Nepal,New Zealand,G,Government,A,Appeal,P,Persons,0,10,,
2006,NPL,NZL,Nepal,New Zealand,G,Government,N,New,P,Persons,0,5,,
2006,NPL,POL,Nepal,Poland,G,Government,A,Appeal,P,Persons,0,9,,
2006,NPL,POL,Nepal,Poland,G,Government,N,New,P,Persons,1.5,14,,
2006,NPL,PRT,Nepal,Portugal,G,Government,N,New,P,Persons,0,6,,
2006,NPL,ZAF,Nepal,South Africa,G,Government,N,New,P,Persons,0,5,,
2006,NPL,ESP,Nepal,Spain,G,Government,N,New,P,Persons,0,14,,
2006,NPL,SVK,Nepal,Slovakia,G,Government,N,New,P,Persons,0,5,,
2006,NPL,SWE,Nepal,Sweden,G,Government,N,New,P,Persons,0,15,,
2006,NPL,CHE,Nepal,Switzerland,G,Government,N,New,P,Persons,0,46,,
2006,NPL,THA,Nepal,Thailand,U,UNHCR,A,Appeal,P,Persons,1.7,20,,
2006,NPL,THA,Nepal,Thailand,U,UNHCR,N,New,P,Persons,1.7,54,,
2006,NPL,USA,Nepal,United States of America,G,Government,N,New,P,Persons,0,43,,
2006,NPL,USA,Nepal,United States of America,G,Government,N,New,C,Cases,0,451,,
2007,NPL,ALB,Nepal,Albania,G,Government,A,Appeal,P,Persons,1.6,9,,
2007,NPL,AUS,Nepal,Australia,G,Government,A,Appeal,C,Cases,0,48,,
2007,NPL,AUS,Nepal,Australia,G,Government,N,New,P,Persons,0,48,,
2007,NPL,AUT,Nepal,Austria,G,Government,N,New,P,Persons,0,43,,
2007,NPL,BEL,Nepal,Belgium,G,Government,N,New,P,Persons,0,41,,
2007,NPL,KHM,Nepal,Cambodia,U,UNHCR,N,New,P,Persons,1.3,5,,
2007,NPL,CAN,Nepal,Canada,G,Government,N,New,P,Persons,0,121,,
2007,NPL,CYP,Nepal,Cyprus,G,Government,A,Appeal,P,Persons,0,19,,
2007,NPL,CYP,Nepal,Cyprus,G,Government,N,New,P,Persons,0,79,,
2007,NPL,DNK,Nepal,Denmark,G,Government,N,New,P,Persons,0,5,,
2007,NPL,ECU,Nepal,Ecuador,G,Government,NA,New and appeal,P,Persons,2,8,,
2007,NPL,FIN,Nepal,Finland,G,Government,N,New,P,Persons,0,5,,
2007,NPL,FRA,Nepal,France,G,Government,N,New,P,Persons,0,24,,
2007,NPL,GBR,Nepal,United Kingdom of Great Britain and Northern Ireland,G,Government,N,New,P,Persons,0,25,,
2007,NPL,DEU,Nepal,Germany,G,Government,N,New,P,Persons,0,20,,
2007,NPL,DEU,Nepal,Germany,G,Government,R,Repeat,P,Persons,0,13,,
2007,NPL,GRC,Nepal,Greece,G,Government,N,New,P,Persons,0,5,,
2007,NPL,HKG,Nepal,"China, Hong Kong Special Administrative Region",U,UNHCR,A,Appeal,P,Persons,1,128,,
2007,NPL,HKG,Nepal,"China, Hong Kong Special Administrative Region",U,UNHCR,N,New,P,Persons,1,154,,
2007,NPL,IDN,Nepal,Indonesia,U,UNHCR,A,Appeal,P,Persons,1.3,13,,
2007,NPL,ISR,Nepal,Israel,J,Joint,FA,First and appeal,P,Persons,1.1,7,,
2007,NPL,ITA,Nepal,Italy,G,Government,N,New,P,Persons,0,5,,
2007,NPL,JPN,Nepal,Japan,G,Government,N,New,P,Persons,0,5,,
2007,NPL,KOR,Nepal,Republic of Korea,G,Government,NR,New and repeat,P,Persons,0,275,,
2007,NPL,LTU,Nepal,Lithuania,G,Government,N,New,P,Persons,0,5,,
2007,NPL,MYS,Nepal,Malaysia,U,UNHCR,N,New,P,Persons,2.3,8,,
2007,NPL,NLD,Nepal,Netherlands,G,Government,N,New,P,Persons,0,38,,
2007,NPL,NOR,Nepal,Norway,G,Government,A,Appeal,P,Persons,0,80,,
2007,NPL,NOR,Nepal,Norway,G,Government,N,New,P,Persons,0,46,,
2007,NPL,POL,Nepal,Poland,G,Government,A,Appeal,P,Persons,0,5,,
2007,NPL,POL,Nepal,Poland,G,Government,N,New,P,Persons,1.5,12,,
2007,NPL,PRT,Nepal,Portugal,G,Government,N,New,P,Persons,0,5,,
2007,NPL,SEN,Nepal,Senegal,G,Government,N,New,P,Persons,0,5,,
2007,NPL,ESP,Nepal,Spain,G,Government,N,New,P,Persons,0,27,,
2007,NPL,SVK,Nepal,Slovakia,G,Government,N,New,P,Persons,1,7,,
2007,NPL,SWE,Nepal,Sweden,G,Government,N,New,P,Persons,0,25,,
2007,NPL,CHE,Nepal,Switzerland,G,Government,N,New,P,Persons,0,8,,
2007,NPL,THA,Nepal,Thailand,U,UNHCR,A,Appeal,P,Persons,1.5,13,,
2007,NPL,THA,Nepal,Thailand,U,UNHCR,N,New,P,Persons,1.5,31,,
2007,NPL,UKR,Nepal,Ukraine,G,Government,A,Appeal,P,Persons,1.3,7,,
2007,NPL,UKR,Nepal,Ukraine,G,Government,N,New,P,Persons,1.3,7,,
2007,NPL,USA,Nepal,United States of America,G,Government,A,Appeal,P,Persons,0,41,,
2007,NPL,USA,Nepal,United States of America,G,Government,N,New,C,Cases,0,491,,
2008,NPL,AUS,Nepal,Australia,G,Government,A,Appeal,C,Cases,0,40,,
2008,NPL,AUS,Nepal,Australia,G,Government,N,New,P,Persons,0,33,,
2008,NPL,AUT,Nepal,Austria,G,Government,NR,New and repeat,P,Persons,1,30,,
2008,NPL,BEL,Nepal,Belgium,G,Government,N,New,P,Persons,0,39,,
2008,NPL,CAN,Nepal,Canada,G,Government,N,New,P,Persons,0,100,,
2008,NPL,CYP,Nepal,Cyprus,G,Government,A,Appeal,P,Persons,0,59,,
2008,NPL,CYP,Nepal,Cyprus,G,Government,N,New,P,Persons,0,49,,
2008,NPL,CZE,Nepal,Czechia,G,Government,N,New,P,Persons,0,5,,
2008,NPL,DNK,Nepal,Denmark,G,Government,N,New,P,Persons,0,5,,
2008,NPL,ECU,Nepal,Ecuador,G,Government,NR,New and repeat,P,Persons,2,5,,
2008,NPL,FRA,Nepal,France,G,Government,N,New,P,Persons,0,41,,
2008,NPL,FRA,Nepal,France,G,Government,R,Repeat,P,Persons,0,5,,
2008,NPL,GBR,Nepal,United Kingdom of Great Britain and Northern Ireland,G,Government,N,New,P,Persons,0,30,,
2008,NPL,DEU,Nepal,Germany,G,Government,N,New,P,Persons,0,7,,
2008,NPL,DEU,Nepal,Germany,G,Government,R,Repeat,P,Persons,0,5,,
2008,NPL,GRC,Nepal,Greece,G,Government,N,New,P,Persons,0,5,,
2008,NPL,HKG,Nepal,"China, Hong Kong Special Administrative Region",U,UNHCR,A,Appeal,P,Persons,1,86,,
2008,NPL,HKG,Nepal,"China, Hong Kong Special Administrative Region",U,UNHCR,N,New,P,Persons,1,44,,
2008,NPL,IRL,Nepal,Ireland,G,Government,A,Appeal,P,Persons,0,5,,
2008,NPL,IRL,Nepal,Ireland,G,Government,N,New,P,Persons,0,6,,
2008,NPL,ISR,Nepal,Israel,J,Joint,N,New,P,Persons,1.1,5,,
2008,NPL,ITA,Nepal,Italy,G,Government,N,New,P,Persons,0,14,,
2008,NPL,JPN,Nepal,Japan,G,Government,N,New,P,Persons,0,20,,
2008,NPL,KOR,Nepal,Republic of Korea,G,Government,NR,New and repeat,P,Persons,0,12,,
2008,NPL,MEX,Nepal,Mexico,G,Government,N,New,P,Persons,0,8,,
2008,NPL,MYS,Nepal,Malaysia,U,UNHCR,N,New,P,Persons,1.5,7,,
2008,NPL,NLD,Nepal,Netherlands,G,Government,N,New,P,Persons,0,100,,
2008,NPL,NIC,Nepal,Nicaragua,G,Government,N,New,P,Persons,0,5,,
2008,NPL,NOR,Nepal,Norway,G,Government,N,New,P,Persons,0,63,,
2008,NPL,NOR,Nepal,Norway,G,Government,N,New,P,Persons,0,144,,
2008,NPL,NZL,Nepal,New Zealand,G,Government,A,Appeal,P,Persons,0,5,,
2008,NPL,NZL,Nepal,New Zealand,G,Government,N,New,P,Persons,0,6,,
2008,NPL,POL,Nepal,Poland,G,Government,A,Appeal,P,Persons,0,7,,
2008,NPL,POL,Nepal,Poland,G,Government,N,New,P,Persons,0,6,,
2008,NPL,ESP,Nepal,Spain,G,Government,N,New,P,Persons,0,7,,
2008,NPL,SWE,Nepal,Sweden,G,Government,N,New,P,Persons,0,38,,
2008,NPL,SWE,Nepal,Sweden,G,Government,N,New,P,Persons,0,88,,
2008,NPL,CHE,Nepal,Switzerland,G,Government,N,New,P,Persons,0,19,,
2008,NPL,THA,Nepal,Thailand,U,UNHCR,A,Appeal,P,Persons,1.5,6,,
2008,NPL,THA,Nepal,Thailand,U,UNHCR,N,New,P,Persons,1.5,5,,
2008,NPL,USA,Nepal,United States of America,G,Government,N,New,P,Persons,0,55,,
2008,NPL,USA,Nepal,United States of America,G,Government,N,New,C,Cases,0,625,,
2009,NPL,AUS,Nepal,Australia,G,Government,A,Appeal,C,Cases,0,15,,
2009,NPL,AUS,Nepal,Australia,G,Government,N,New,P,Persons,0,45,,
2009,NPL,AUT,Nepal,Austria,G,Government,NR,New and repeat,P,Persons,0,41,,
2009,NPL,BEL,Nepal,Belgium,G,Government,N,New,P,Persons,0,65,,
2009,NPL,CAN,Nepal,Canada,G,Government,N,New,P,Persons,0,118,,
2009,NPL,COL,Nepal,Colombia,G,Government,N,New,P,Persons,0,10,,
2009,NPL,CRI,Nepal,Costa Rica,G,Government,N,New,P,Persons,0,15,,
2009,NPL,CYP,Nepal,Cyprus,G,Government,A,Appeal,P,Persons,0,130,,
2009,NPL,CYP,Nepal,Cyprus,G,Government,N,New,P,Persons,0,56,,
2009,NPL,DNK,Nepal,Denmark,G,Government,N,New,P,Persons,1,5,,
2009,NPL,ECU,Nepal,Ecuador,G,Government,NR,New and repeat,P,Persons,2,5,,
2009,NPL,FRA,Nepal,France,G,Government,N,New,P,Persons,0,34,,
2009,NPL,FRA,Nepal,France,G,Government,N,New,P,Persons,0,5,,
2009,NPL,GBR,Nepal,United Kingdom of Great Britain and Northern Ireland,G,Government,N,New,P,Persons,0,18,,
2009,NPL,DEU,Nepal,Germany,G,Government,N,New,P,Persons,0,16,,
2009,NPL,DEU,Nepal,Germany,G,Government,R,Repeat,P,Persons,0,6,,
2009,NPL,GRC,Nepal,Greece,G,Government,N,New,P,Persons,0,7,,
2009,NPL,GTM,Nepal,Guatemala,G,Government,N,New,P,Persons,1,5,,
2009,NPL,HKG,Nepal,"China, Hong Kong Special Administrative Region",U,UNHCR,A,Appeal,P,Persons,1,35,,
2009,NPL,HKG,Nepal,"China, Hong Kong Special Administrative Region",U,UNHCR,N,New,P,Persons,1,104,,
2009,NPL,HND,Nepal,Honduras,G,Government,N,New,P,Persons,0,6,,
2009,NPL,IRL,Nepal,Ireland,G,Government,A,Appeal,P,Persons,0,11,,
2009,NPL,IRL,Nepal,Ireland,G,Government,N,New,P,Persons,0,10,,
2009,NPL,ISR,Nepal,Israel,G,Government,N,New,P,Persons,1.1,6,,
2009,NPL,ITA,Nepal,Italy,G,Government,N,New,P,Persons,0,7,,
2009,NPL,JPN,Nepal,Japan,G,Government,N,New,P,Persons,0,29,,
2009,NPL,MYS,Nepal,Malaysia,U,UNHCR,NR,New and repeat,P,Persons,1,5,,
2009,NPL,NLD,Nepal,Netherlands,G,Government,N,New,P,Persons,0,72,,
2009,NPL,NIC,Nepal,Nicaragua,G,Government,N,New,P,Persons,1,18,,
2009,NPL,NOR,Nepal,Norway,G,Government,N,New,P,Persons,1,231,,
2009,NPL,NOR,Nepal,Norway,G,Government,N,New,P,Persons,1,112,,
2009,NPL,PAN,Nepal,Panama,G,Government,N,New,P,Persons,0,18,,
2009,NPL,PER,Nepal,Peru,G,Government,N,New,P,Persons,3,5,,
2009,NPL,POL,Nepal,Poland,G,Government,R,Repeat,P,Persons,0,14,,
2009,NPL,SLV,Nepal,El Salvador,G,Government,N,New,P,Persons,1,26,,
2009,NPL,ESP,Nepal,Spain,G,Government,N,New,P,Persons,0,8,,
2009,NPL,SWE,Nepal,Sweden,G,Government,A,Appeal,P,Persons,1,69,,
2009,NPL,SWE,Nepal,Sweden,G,Government,N,New,P,Persons,1,23,,
2009,NPL,CHE,Nepal,Switzerland,G,Government,N,New,P,Persons,0,36,,
2009,NPL,THA,Nepal,Thailand,U,UNHCR,N,New,P,Persons,1.5,18,,
2009,NPL,UKR,Nepal,Ukraine,G,Government,A,Appeal,P,Persons,1.3,7,,
2009,NPL,UKR,Nepal,Ukraine,G,Government,N,New,P,Persons,1.4,6,,
2009,NPL,USA,Nepal,United States of America,G,Government,N,New,P,Persons,0,91,,
2009,NPL,USA,Nepal,United States of America,G,Government,N,New,C,Cases,0,977,,
2010,NPL,AUS,Nepal,Australia,G,Government,A,Appeal,C,Cases,0,61,,
2010,NPL,AUS,Nepal,Australia,G,Government,N,New,P,Persons,0,161,,
2010,NPL,AUT,Nepal,Austria,G,Government,NR,New and repeat,P,Persons,1,28,,
2010,NPL,BEL,Nepal,Belgium,G,Government,N,New,P,Persons,0,208,,
2010,NPL,BEL,Nepal,Belgium,G,Government,N,New,P,Persons,0,5,,
2010,NPL,CAN,Nepal,Canada,G,Government,N,New,P,Persons,0,89,,
2010,NPL,CYP,Nepal,Cyprus,G,Government,N,New,P,Persons,0,50,,
2010,NPL,CYP,Nepal,Cyprus,G,Government,N,New,P,Persons,0,121,,
2010,NPL,DNK,Nepal,Denmark,G,Government,N,New,P,Persons,1,7,,
2010,NPL,ECU,Nepal,Ecuador,G,Government,NR,New and repeat,P,Persons,2,27,,
2010,NPL,FRA,Nepal,France,G,Government,N,New,P,Persons,0,70,,
2010,NPL,FRA,Nepal,France,G,Government,R,Repeat,P,Persons,0,8,,
2010,NPL,GBR,Nepal,United Kingdom of Great Britain and Northern Ireland,G,Government,N,New,P,Persons,0,35,,
2010,NPL,DEU,Nepal,Germany,G,Government,N,New,P,Persons,0,13,,
2010,NPL,DEU,Nepal,Germany,G,Government,N,New,P,Persons,0,5,,
2010,NPL,GTM,Nepal,Guatemala,G,Government,N,New,P,Persons,1,5,,
2010,NPL,HKG,Nepal,"China, Hong Kong Special Administrative Region",U,UNHCR,N,New,P,Persons,1,12,,
2010,NPL,HKG,Nepal,"China, Hong Kong Special Administrative Region",U,UNHCR,N,New,P,Persons,1,18,,
2010,NPL,HKG,Nepal,"China, Hong Kong Special Administrative Region",U,UNHCR,R,Repeat,P,Persons,1,7,,
2010,NPL,IRL,Nepal,Ireland,G,Government,R,Repeat,P,Persons,0,8,,
2010,NPL,IRL,Nepal,Ireland,G,Government,N,New,P,Persons,0,32,,
2010,NPL,IRL,Nepal,Ireland,G,Government,A,Appeal,P,Persons,0,10,,
2010,NPL,ITA,Nepal,Italy,G,Government,N,New,P,Persons,0,5,,
2010,NPL,JPN,Nepal,Japan,G,Government,N,New,P,Persons,0,109,,
2010,NPL,KOR,Nepal,Republic of Korea,G,Government,N,New,P,Persons,1,5,,
2010,NPL,KWT,Nepal,Kuwait,U,UNHCR,N,New,P,Persons,2.9,5,,
2010,NPL,MEX,Nepal,Mexico,G,Government,N,New,P,Persons,0,19,,
2010,NPL,NLD,Nepal,Netherlands,G,Government,N,New,P,Persons,0,88,,
2010,NPL,NLD,Nepal,Netherlands,G,Government,R,Repeat,P,Persons,0,7,,
2010,NPL,NIC,Nepal,Nicaragua,G,Government,N,New,P,Persons,1,13,,
2010,NPL,NOR,Nepal,Norway,G,Government,N,New,P,Persons,1,45,,
2010,NPL,NOR,Nepal,Norway,G,Government,N,New,P,Persons,1,17,,
2010,NPL,NZL,Nepal,New Zealand,G,Government,A,Appeal,P,Persons,0,5,,
2010,NPL,NZL,Nepal,New Zealand,G,Government,N,New,P,Persons,0,6,,
2010,NPL,POL,Nepal,Poland,G,Government,N,New,P,Persons,3.5,17,,
2010,NPL,ZAF,Nepal,South Africa,G,Government,N,New,P,Persons,0,5,,
2010,NPL,SLV,Nepal,El Salvador,G,Government,N,New,P,Persons,1,7,,
2010,NPL,SWE,Nepal,Sweden,G,Government,N,New,P,Persons,1,17,,
2010,NPL,SWE,Nepal,Sweden,G,Government,N,New,P,Persons,1,17,,
2010,NPL,CHE,Nepal,Switzerland,G,Government,N,New,P,Persons,0,16,,
2010,NPL,THA,Nepal,Thailand,U,UNHCR,N,New,P,Persons,1.6,6,,
2010,NPL,TUR,Nepal,Turkey,U,UNHCR,N,New,P,Persons,2,5,,
2010,NPL,UKR,Nepal,Ukraine,G,Government,A,Appeal,P,Persons,1.3,5,,
2010,NPL,USA,Nepal,United States of America,G,Government,A,Appeal,P,Persons,0,145,,
2010,NPL,USA,Nepal,United States of America,G,Government,N,New,C,Cases,0,909,,
2011,NPL,ARG,Nepal,Argentina,G,Government,N,New,P,Persons,3.5,8,,
2011,NPL,AUS,Nepal,Australia,G,Government,N,New,C,Cases,1,142,,
2011,NPL,AUS,Nepal,Australia,G,Government,N,New,P,Persons,1,271,,
2011,NPL,AUT,Nepal,Austria,G,Government,NR,New and repeat,P,Persons,0,86,,
2011,NPL,BEL,Nepal,Belgium,G,Government,N,New,P,Persons,0,403,,
2011,NPL,BEL,Nepal,Belgium,G,Government,R,Repeat,P,Persons,0,5,,
2011,NPL,CAN,Nepal,Canada,G,Government,N,New,P,Persons,0,41,,
2011,NPL,CYP,Nepal,Cyprus,G,Government,A,Appeal,P,Persons,0,156,,
2011,NPL,CYP,Nepal,Cyprus,G,Government,N,New,P,Persons,0,102,,
2011,NPL,DNK,Nepal,Denmark,G,Government,N,New,P,Persons,0,7,,
2011,NPL,FRA,Nepal,France,G,Government,N,New,P,Persons,0,70,,
2011,NPL,FRA,Nepal,France,G,Government,N,New,P,Persons,0,8,,
2011,NPL,GBR,Nepal,United Kingdom of Great Britain and Northern Ireland,G,Government,A,Appeal,C,Cases,0,18,,
2011,NPL,GBR,Nepal,United Kingdom of Great Britain and Northern Ireland,G,Government,N,New,P,Persons,0,34,,
2011,NPL,GEO,Nepal,Georgia,G,Government,NA,New and appeal,P,Persons,0,5,,
2011,NPL,DEU,Nepal,Germany,G,Government,N,New,P,Persons,0,12,,
2011,NPL,DEU,Nepal,Germany,G,Government,R,Repeat,P,Persons,0,5,,
2011,NPL,GRC,Nepal,Greece,G,Government,N,New,P,Persons,0,5,,
2011,NPL,HKG,Nepal,"China, Hong Kong Special Administrative Region",U,UNHCR,A,Appeal,P,Persons,1,12,,
2011,NPL,HKG,Nepal,"China, Hong Kong Special Administrative Region",U,UNHCR,N,New,P,Persons,1,30,,
2011,NPL,IRL,Nepal,Ireland,G,Government,A,Appeal,P,Persons,0,5,,
2011,NPL,IRL,Nepal,Ireland,G,Government,N,New,P,Persons,0,6,,
2011,NPL,IRL,Nepal,Ireland,G,Government,SP,Subsidiary protection,P,Persons,0,6,,
2011,NPL,JPN,Nepal,Japan,G,Government,N,New,P,Persons,0,191,,
2011,NPL,JPN,Nepal,Japan,G,Government,N,New,P,Persons,0,251,,
2011,NPL,KOR,Nepal,Republic of Korea,G,Government,NR,New and repeat,P,Persons,1,14,,
2011,NPL,MEX,Nepal,Mexico,G,Government,N,New,P,Persons,0,13,,
2011,NPL,NLD,Nepal,Netherlands,G,Government,N,New,P,Persons,0,132,,
2011,NPL,NLD,Nepal,Netherlands,G,Government,R,Repeat,P,Persons,0,8,,
2011,NPL,NOR,Nepal,Norway,G,Government,N,New,P,Persons,1,30,,
2011,NPL,NOR,Nepal,Norway,G,Government,N,New,P,Persons,1,23,,
2011,NPL,NZL,Nepal,New Zealand,G,Government,N,New,P,Persons,1,5,,
2011,NPL,PER,Nepal,Peru,G,Government,N,New,P,Persons,3,5,,
2011,NPL,POL,Nepal,Poland,G,Government,R,Repeat,P,Persons,0,27,,
2011,NPL,ROU,Nepal,Romania,G,Government,R,Repeat,P,Persons,0,5,,
2011,NPL,ZAF,Nepal,South Africa,G,Government,N,New,P,Persons,0,9,,
2011,NPL,ESP,Nepal,Spain,G,Government,N,New,P,Persons,0,5,,
2011,NPL,SRB,Nepal,Serbia,G,Government,N,New,P,Persons,2,9,,
2011,NPL,SWE,Nepal,Sweden,G,Government,N,New,P,Persons,1,13,,
2011,NPL,SWE,Nepal,Sweden,G,Government,N,New,P,Persons,1,16,,
2011,NPL,CHE,Nepal,Switzerland,G,Government,N,New,P,Persons,0,13,,
2011,NPL,THA,Nepal,Thailand,U,UNHCR,N,New,P,Persons,1.6,7,,
2011,NPL,TUR,Nepal,Turkey,U,UNHCR,N,New,P,Persons,2,7,,
2011,NPL,UKR,Nepal,Ukraine,G,Government,A,Appeal,C,Cases,1.3,6,,
2011,NPL,USA,Nepal,United States of America,G,Government,A,Appeal,P,Persons,0,208,,
2011,NPL,USA,Nepal,United States of America,G,Government,N,New,C,Cases,0,1113,,
2012,NPL,AUS,Nepal,Australia,G,Government,A,Appeal,C,Cases,0,264,,
2012,NPL,AUS,Nepal,Australia,G,Government,N,New,P,Persons,0,188,,
2012,NPL,AUT,Nepal,Austria,G,Government,NA,New and appeal,P,Persons,0,42,,
2012,NPL,BEL,Nepal,Belgium,G,Government,N,New,P,Persons,0,226,,
2012,NPL,BEL,Nepal,Belgium,G,Government,R,Repeat,P,Persons,0,8,,
2012,NPL,BRA,Nepal,Brazil,G,Government,N,New,P,Persons,0,32,,
2012,NPL,CAN,Nepal,Canada,G,Government,N,New,P,Persons,0,45,,
2012,NPL,CHL,Nepal,Chile,G,Government,N,New,P,Persons,3,6,,
2012,NPL,CRI,Nepal,Costa Rica,G,Government,N,New,P,Persons,0,15,,
2012,NPL,CYP,Nepal,Cyprus,G,Government,A,Appeal,P,Persons,0,18,,
2012,NPL,CYP,Nepal,Cyprus,G,Government,N,New,P,Persons,0,18,,
2012,NPL,DNK,Nepal,Denmark,G,Government,N,New,P,Persons,0,6,,
2012,NPL,DNK,Nepal,Denmark,G,Government,N,New,P,Persons,0,9,,
2012,NPL,FRA,Nepal,France,G,Government,A,Appeal,P,Persons,0,126,,
2012,NPL,FRA,Nepal,France,G,Government,N,New,P,Persons,0,96,,
2012,NPL,FRA,Nepal,France,G,Government,R,Repeat,P,Persons,0,9,,
2012,NPL,GBR,Nepal,United Kingdom of Great Britain and Northern Ireland,G,Government,A,Appeal,C,Cases,0,31,,
2012,NPL,GBR,Nepal,United Kingdom of Great Britain and Northern Ireland,G,Government,N,New,P,Persons,0,70,,
2012,NPL,DEU,Nepal,Germany,G,Government,N,New,P,Persons,0,14,,
2012,NPL,GRC,Nepal,Greece,G,Government,N,New,P,Persons,0,6,,
2012,NPL,HKG,Nepal,"China, Hong Kong Special Administrative Region",U,UNHCR,N,New,P,Persons,0,9,,
2012,NPL,HKG,Nepal,"China, Hong Kong Special Administrative Region",U,UNHCR,R,Repeat,P,Persons,0,5,,
2012,NPL,HUN,Nepal,Hungary,G,Government,R,Repeat,P,Persons,0,5,,
2012,NPL,IDN,Nepal,Indonesia,U,UNHCR,N,New,P,Persons,1.2,5,,
2012,NPL,IRL,Nepal,Ireland,G,Government,A,Appeal,P,Persons,0,9,,
2012,NPL,IRL,Nepal,Ireland,G,Government,N,New,P,Persons,0,36,,
2012,NPL,IRL,Nepal,Ireland,G,Government,N,New,P,Persons,0,5,,
2012,NPL,ISR,Nepal,Israel,U,UNHCR,N,New,P,Persons,0,14,,
2012,NPL,ITA,Nepal,Italy,G,Government,N,New,P,Persons,0,5,,
2012,NPL,JPN,Nepal,Japan,G,Government,NR,New and repeat,P,Persons,0,257,,
2012,NPL,JPN,Nepal,Japan,G,Government,N,New,P,Persons,0,320,,
2012,NPL,KOR,Nepal,Republic of Korea,G,Government,NR,New and repeat,P,Persons,0,43,,
2012,NPL,MEX,Nepal,Mexico,G,Government,N,New,P,Persons,0,5,,
2012,NPL,NLD,Nepal,Netherlands,G,Government,N,New,P,Persons,0,100,,
2012,NPL,NLD,Nepal,Netherlands,G,Government,R,Repeat,P,Persons,0,11,,
2012,NPL,NOR,Nepal,Norway,G,Government,N,New,P,Persons,1,19,,
2012,NPL,NOR,Nepal,Norway,G,Government,N,New,P,Persons,1,26,,
2012,NPL,NZL,Nepal,New Zealand,G,Government,A,Appeal,P,Persons,1,5,,
2012,NPL,NZL,Nepal,New Zealand,G,Government,N,New,P,Persons,0,5,,
2012,NPL,POL,Nepal,Poland,G,Government,A,Appeal,P,Persons,0,12,,
2012,NPL,POL,Nepal,Poland,G,Government,R,Repeat,P,Persons,0,6,,
2012,NPL,ROU,Nepal,Romania,G,Government,R,Repeat,P,Persons,0,7,,
2012,NPL,ZAF,Nepal,South Africa,G,Government,A,Appeal,P,Persons,0,8,,
2012,NPL,ZAF,Nepal,South Africa,G,Government,N,New,P,Persons,0,108,,
2012,NPL,SWE,Nepal,Sweden,G,Government,N,New,P,Persons,0,17,,
2012,NPL,CHE,Nepal,Switzerland,G,Government,A,Appeal,P,Persons,0,13,,
2012,NPL,CHE,Nepal,Switzerland,G,Government,N,New,P,Persons,0,35,,
2012,NPL,THA,Nepal,Thailand,U,UNHCR,A,Appeal,P,Persons,2,8,,
2012,NPL,THA,Nepal,Thailand,U,UNHCR,N,New,P,Persons,1.9,14,,
2012,NPL,UKR,Nepal,Ukraine,G,Government,A,Appeal,P,Persons,1.2,6,,
2012,NPL,USA,Nepal,United States of America,G,Government,A,Appeal,P,Persons,0,221,,
2012,NPL,USA,Nepal,United States of America,G,Government,N,New,C,Cases,0,1445,,
2013,NPL,AUS,Nepal,Australia,G,Government,A,Appeal,C,Cases,0,97,,
2013,NPL,AUS,Nepal,Australia,G,Government,N,New,P,Persons,0,298,,
2013,NPL,AUT,Nepal,Austria,G,Government,NR,New and repeat,P,Persons,0,25,,
2013,NPL,BEL,Nepal,Belgium,G,Government,N,New,P,Persons,0,39,,
2013,NPL,BEL,Nepal,Belgium,G,Government,R,Repeat,P,Persons,0,24,,
2013,NPL,BRA,Nepal,Brazil,G,Government,N,New,P,Persons,0,14,,
2013,NPL,CAN,Nepal,Canada,G,Government,N,New,P,Persons,0,22,,
2013,NPL,COL,Nepal,Colombia,G,Government,N,New,P,Persons,1,7,,
2013,NPL,CRI,Nepal,Costa Rica,G,Government,N,New,P,Persons,0,8,,
2013,NPL,CYP,Nepal,Cyprus,G,Government,N,New,P,Persons,0,5,,
2013,NPL,DNK,Nepal,Denmark,G,Government,A,Appeal,P,Persons,1,5,,
2013,NPL,DNK,Nepal,Denmark,G,Government,N,New,P,Persons,1,7,,
2013,NPL,FRA,Nepal,France,G,Government,A,Appeal,P,Persons,0,107,,
2013,NPL,FRA,Nepal,France,G,Government,N,New,P,Persons,0,66,,
2013,NPL,FRA,Nepal,France,G,Government,R,Repeat,P,Persons,0,13,,
2013,NPL,GBR,Nepal,United Kingdom of Great Britain and Northern Ireland,G,Government,A,Appeal,C,Cases,0,26,,
2013,NPL,GBR,Nepal,United Kingdom of Great Britain and Northern Ireland,G,Government,N,New,P,Persons,0,61,,
2013,NPL,DEU,Nepal,Germany,G,Government,N,New,P,Persons,0,17,,
2013,NPL,GRC,Nepal,Greece,G,Government,A,Appeal,P,Persons,0,9,,
2013,NPL,GRC,Nepal,Greece,G,Government,N,New,P,Persons,0,8,,
2013,NPL,HKG,Nepal,"China, Hong Kong Special Administrative Region",U,UNHCR,N,New,P,Persons,0,17,,
2013,NPL,HUN,Nepal,Hungary,G,Government,N,New,P,Persons,0,6,,
2013,NPL,IDN,Nepal,Indonesia,U,UNHCR,N,New,P,Persons,1.3,11,,
2013,NPL,IRL,Nepal,Ireland,G,Government,N,New,P,Persons,0,5,,
2013,NPL,ITA,Nepal,Italy,G,Government,N,New,P,Persons,0,5,,
2013,NPL,JPN,Nepal,Japan,G,Government,A,Appeal,P,Persons,0,407,,
2013,NPL,JPN,Nepal,Japan,G,Government,N,New,P,Persons,0,544,,
2013,NPL,KOR,Nepal,Republic of Korea,G,Government,NR,New and repeat,P,Persons,0,90,,
2013,NPL,NLD,Nepal,Netherlands,G,Government,N,New,P,Persons,0,65,,
2013,NPL,NLD,Nepal,Netherlands,G,Government,N,New,P,Persons,0,27,,
2013,NPL,NIC,Nepal,Nicaragua,G,Government,N,New,P,Persons,5,5,,
2013,NPL,NOR,Nepal,Norway,G,Government,A,Appeal,P,Persons,0,16,,
2013,NPL,NOR,Nepal,Norway,G,Government,N,New,P,Persons,0,7,,
2013,NPL,NZL,Nepal,New Zealand,G,Government,N,New,P,Persons,0,5,,
2013,NPL,POL,Nepal,Poland,G,Government,R,Repeat,P,Persons,0,5,,
2013,NPL,ROU,Nepal,Romania,G,Government,N,New,P,Persons,0,5,,
2013,NPL,ZAF,Nepal,South Africa,G,Government,A,Appeal,P,Persons,0,16,,
2013,NPL,ZAF,Nepal,South Africa,G,Government,N,New,P,Persons,0,20,,
2013,NPL,ESP,Nepal,Spain,G,Government,N,New,P,Persons,0,5,,
2013,NPL,SWE,Nepal,Sweden,G,Government,A,Appeal,P,Persons,1,9,,
2013,NPL,SWE,Nepal,Sweden,G,Government,N,New,P,Persons,1,19,,
2013,NPL,CHE,Nepal,Switzerland,G,Government,A,Appeal,P,Persons,0,12,,
2013,NPL,CHE,Nepal,Switzerland,G,Government,N,New,P,Persons,0,20,,
2013,NPL,CHE,Nepal,Switzerland,G,Government,R,Repeat,P,Persons,0,5,,
2013,NPL,THA,Nepal,Thailand,U,UNHCR,N,New,P,Persons,2,7,,
2013,NPL,TUR,Nepal,Turkey,U,UNHCR,N,New,P,Persons,2,11,,
2013,NPL,USA,Nepal,United States of America,G,Government,N,New,P,Persons,0,239,,
2013,NPL,USA,Nepal,United States of America,G,Government,N,New,C,Cases,0,1268,,
2014,NPL,AUS,Nepal,Australia,G,Government,A,Appeal,C,Cases,0,190,,
2014,NPL,AUS,Nepal,Australia,G,Government,N,New,P,Persons,0,229,,
2014,NPL,AUT,Nepal,Austria,G,Government,N,New,P,Persons,0,15,,
2014,NPL,AZE,Nepal,Azerbaijan,G,Government,N,New,P,Persons,4,5,,
2014,NPL,AZE,Nepal,Azerbaijan,U,UNHCR,N,New,P,Persons,3,5,,
2014,NPL,BEL,Nepal,Belgium,G,Government,N,New,P,Persons,0,9,,
2014,NPL,BEL,Nepal,Belgium,G,Government,A,Appeal,C,Cases,0,90,,
2014,NPL,BEL,Nepal,Belgium,G,Government,R,Repeat,P,Persons,0,11,,
2014,NPL,BRA,Nepal,Brazil,G,Government,N,New,P,Persons,1,12,,
2014,NPL,CAN,Nepal,Canada,G,Government,N,New,P,Persons,0,39,,
2014,NPL,COL,Nepal,Colombia,G,Government,N,New,P,Persons,1,94,,
2014,NPL,CRI,Nepal,Costa Rica,G,Government,N,New,P,Persons,0,52,,
2014,NPL,DNK,Nepal,Denmark,G,Government,A,Appeal,P,Persons,0,5,,
2014,NPL,DNK,Nepal,Denmark,G,Government,N,New,P,Persons,0,5,,
2014,NPL,FRA,Nepal,France,G,Government,A,Appeal,P,Persons,0,34,,
2014,NPL,FRA,Nepal,France,G,Government,N,New,P,Persons,0,72,,
2014,NPL,FRA,Nepal,France,G,Government,A,Appeal,P,Persons,0,18,,
2014,NPL,FRA,Nepal,France,G,Government,R,Repeat,P,Persons,0,14,,
2014,NPL,GBR,Nepal,United Kingdom of Great Britain and Northern Ireland,G,Government,A,Appeal,C,Cases,1.3,24,,
2014,NPL,GBR,Nepal,United Kingdom of Great Britain and Northern Ireland,G,Government,N,New,P,Persons,0,47,,
2014,NPL,DEU,Nepal,Germany,G,Government,N,New,P,Persons,0,17,,
2014,NPL,GRC,Nepal,Greece,G,Government,A,Appeal,P,Persons,0,6,,
2014,NPL,GRC,Nepal,Greece,G,Government,N,New,P,Persons,0,10,,
2014,NPL,GTM,Nepal,Guatemala,G,Government,N,New,P,Persons,4,8,,
2014,NPL,HKG,Nepal,"China, Hong Kong Special Administrative Region",U,UNHCR,N,New,P,Persons,1.13,15,,
2014,NPL,IDN,Nepal,Indonesia,U,UNHCR,N,New,P,Persons,1.6,9,,
2014,NPL,IRL,Nepal,Ireland,G,Government,N,New,P,Persons,0,5,,
2014,NPL,IRL,Nepal,Ireland,G,Government,A,Appeal,P,Persons,0,5,,
2014,NPL,ITA,Nepal,Italy,G,Government,N,New,P,Persons,0,69,,
2014,NPL,JPN,Nepal,Japan,G,Government,A,Appeal,P,Persons,1,653,,
2014,NPL,JPN,Nepal,Japan,G,Government,N,New,P,Persons,1,1293,,
2014,NPL,KOR,Nepal,Republic of Korea,G,Government,N,New,P,Persons,1,84,,
2014,NPL,MEX,Nepal,Mexico,G,Government,N,New,P,Persons,0,6,,
2014,NPL,NLD,Nepal,Netherlands,G,Government,N,New,P,Persons,0,46,,
2014,NPL,NLD,Nepal,Netherlands,G,Government,R,Repeat,P,Persons,0,9,,
2014,NPL,NOR,Nepal,Norway,G,Government,A,Appeal,P,Persons,0,11,,
2014,NPL,NRU,Nepal,Nauru,G,Government,N,New,P,Persons,0,15,,
2014,NPL,NZL,Nepal,New Zealand,G,Government,N,New,P,Persons,0,5,,
2014,NPL,PNG,Nepal,Papua New Guinea,G,Government,N,New,P,Persons,0,17,,
2014,NPL,ZAF,Nepal,South Africa,G,Government,A,Appeal,P,Persons,0,5,,
2014,NPL,ZAF,Nepal,South Africa,G,Government,N,New,P,Persons,0,18,,
2014,NPL,RUS,Nepal,Russian Federation,G,Government,N,New,P,Persons,2,5,,
2014,NPL,SWE,Nepal,Sweden,G,Government,A,Appeal,P,Persons,0,6,,
2014,NPL,SWE,Nepal,Sweden,G,Government,N,New,P,Persons,0,13,,
2014,NPL,SWE,Nepal,Sweden,G,Government,R,Repeat,P,Persons,0,5,,
2014,NPL,CHE,Nepal,Switzerland,G,Government,N,New,P,Persons,0,10,,
2014,NPL,THA,Nepal,Thailand,U,UNHCR,N,New,P,Persons,2.1,5,,
2014,NPL,TUR,Nepal,Turkey,U,UNHCR,N,New,P,Persons,2,5,,
2014,NPL,USA,Nepal,United States of America,G,Government,N,New,P,Persons,0,266,,
2014,NPL,USA,Nepal,United States of America,G,Government,N,New,C,Cases,1.393,1050,,
2015,NPL,AUS,Nepal,Australia,G,Government,A,Appeal,C,Cases,0,145,,
2015,NPL,AUS,Nepal,Australia,G,Government,N,New,P,Persons,0,154,,
2015,NPL,AUT,Nepal,Austria,G,Government,N,New,P,Persons,0,43,,
2015,NPL,AUT,Nepal,Austria,G,Government,R,Repeat,P,Persons,0,5,,
2015,NPL,BEL,Nepal,Belgium,G,Government,N,New,P,Persons,0,25,,
2015,NPL,BEL,Nepal,Belgium,G,Government,A,Appeal,C,Cases,0,10,,
2015,NPL,BEL,Nepal,Belgium,G,Government,R,Repeat,P,Persons,0,54,,
2015,NPL,BRA,Nepal,Brazil,G,Government,N,New,P,Persons,1,20,,
2015,NPL,CAN,Nepal,Canada,G,Government,A,Appeal,P,Persons,0,5,,
2015,NPL,CAN,Nepal,Canada,G,Government,N,New,P,Persons,0,92,,
2015,NPL,CRI,Nepal,Costa Rica,G,Government,N,New,P,Persons,0,78,,
2015,NPL,CYP,Nepal,Cyprus,G,Government,N,New,P,Persons,0,14,,
2015,NPL,DNK,Nepal,Denmark,G,Government,N,New,P,Persons,0,5,,
2015,NPL,EST,Nepal,Estonia,G,Government,N,New,P,Persons,0,5,,
2015,NPL,FIN,Nepal,Finland,G,Government,N,New,P,Persons,1,72,,
2015,NPL,FRA,Nepal,France,G,Government,A,Appeal,P,Persons,0,77,,
2015,NPL,FRA,Nepal,France,G,Government,N,New,P,Persons,0,68,,
2015,NPL,FRA,Nepal,France,G,Government,A,Appeal,P,Persons,0,7,,
2015,NPL,FRA,Nepal,France,G,Government,R,Repeat,P,Persons,0,12,,
2015,NPL,FSM,Nepal,Micronesia (Federated States of),U,UNHCR,A,Appeal,P,Persons,0,10,,
2015,NPL,FSM,Nepal,Micronesia (Federated States of),U,UNHCR,N,New,P,Persons,0,16,,
2015,NPL,GBR,Nepal,United Kingdom of Great Britain and Northern Ireland,G,Government,A,Appeal,C,Cases,0,30,,
2015,NPL,GBR,Nepal,United Kingdom of Great Britain and Northern Ireland,G,Government,N,New,P,Persons,0,88,,
2015,NPL,DEU,Nepal,Germany,G,Government,N,New,P,Persons,0,13,,
2015,NPL,GRC,Nepal,Greece,G,Government,A,Appeal,P,Persons,0,5,,
2015,NPL,GTM,Nepal,Guatemala,G,Government,N,New,P,Persons,4,68,,
2015,NPL,HUN,Nepal,Hungary,G,Government,N,New,P,Persons,0,29,,
2015,NPL,IDN,Nepal,Indonesia,U,UNHCR,N,New,P,Persons,1.6,5,,
2015,NPL,IRL,Nepal,Ireland,G,Government,N,New,P,Persons,0,10,,
2015,NPL,IRL,Nepal,Ireland,G,Government,A,Appeal,P,Persons,0,7,,
2015,NPL,ISR,Nepal,Israel,G,Government,N,New,P,Persons,0,87,,
2015,NPL,ITA,Nepal,Italy,G,Government,N,New,P,Persons,0,22,,
2015,NPL,JPN,Nepal,Japan,G,Government,A,Appeal,P,Persons,1,887,,
2015,NPL,JPN,Nepal,Japan,G,Government,N,New,P,Persons,1,1768,,
2015,NPL,KOR,Nepal,Republic of Korea,G,Government,N,New,P,Persons,1,236,,
2015,NPL,MEX,Nepal,Mexico,G,Government,N,New,P,Persons,0,7,,
2015,NPL,MLT,Nepal,Malta,G,Government,A,Appeal,P,Persons,0,5,,
2015,NPL,MLT,Nepal,Malta,G,Government,N,New,P,Persons,0,5,,
2015,NPL,NLD,Nepal,Netherlands,G,Government,N,New,P,Persons,0,27,,
2015,NPL,NLD,Nepal,Netherlands,G,Government,R,Repeat,P,Persons,0,10,,
2015,NPL,NOR,Nepal,Norway,G,Government,A,Appeal,P,Persons,0,8,,
2015,NPL,NOR,Nepal,Norway,G,Government,N,New,P,Persons,1,60,,
2015,NPL,ZAF,Nepal,South Africa,G,Government,A,Appeal,P,Persons,1,55,,
2015,NPL,ZAF,Nepal,South Africa,G,Government,N,New,P,Persons,1,70,,
2015,NPL,RUS,Nepal,Russian Federation,G,Government,N,New,P,Persons,2,5,,
2015,NPL,SWE,Nepal,Sweden,G,Government,N,New,P,Persons,0,58,,
2015,NPL,SWE,Nepal,Sweden,G,Government,R,Repeat,P,Persons,0,10,,
2015,NPL,CHE,Nepal,Switzerland,G,Government,N,New,P,Persons,0,5,,
2015,NPL,THA,Nepal,Thailand,U,UNHCR,N,New,P,Persons,2.1,5,,
2015,NPL,UKR,Nepal,Ukraine,G,Government,N,New,P,Persons,2,5,,
2015,NPL,USA,Nepal,United States of America,G,Government,N,New,P,Persons,0,243,,
2015,NPL,USA,Nepal,United States of America,G,Government,N,New,C,Cases,1.406,1051,,
2016,NPL,AUS,Nepal,Australia,G,Government,A,Appeal,P,Persons,0,112,,
2016,NPL,AUS,Nepal,Australia,G,Government,N,New,P,Persons,0,173,,
2016,NPL,AUT,Nepal,Austria,G,Government,N,New,P,Persons,0,56,,
2016,NPL,BEL,Nepal,Belgium,G,Government,N,New,P,Persons,0,12,,
2016,NPL,BEL,Nepal,Belgium,G,Government,A,Appeal,C,Cases,0,14,,
2016,NPL,BEL,Nepal,Belgium,G,Government,R,Repeat,P,Persons,0,11,,
2016,NPL,BRA,Nepal,Brazil,G,Government,N,New,P,Persons,1,11,,
2016,NPL,BGR,Nepal,Bulgaria,G,Government,N,New,P,Persons,1,11,,
2016,NPL,CAN,Nepal,Canada,G,Government,N,New,P,Persons,0,180,,
2016,NPL,COD,Nepal,Democratic Republic of the Congo,G,Government,N,New,P,Persons,0,5,,
2016,NPL,CRI,Nepal,Costa Rica,G,Government,N,New,P,Persons,0,52,,
2016,NPL,CYP,Nepal,Cyprus,G,Government,N,New,P,Persons,0,43,,
2016,NPL,DNK,Nepal,Denmark,G,Government,N,New,P,Persons,0,9,,
2016,NPL,FIN,Nepal,Finland,G,Government,N,New,P,Persons,0,31,,
2016,NPL,FRA,Nepal,France,G,Government,A,Appeal,P,Persons,0,36,,
2016,NPL,FRA,Nepal,France,G,Government,N,New,P,Persons,0,85,,
2016,NPL,FRA,Nepal,France,G,Government,A,Appeal,P,Persons,0,11,,
2016,NPL,FRA,Nepal,France,G,Government,R,Repeat,P,Persons,0,5,,
2016,NPL,GBR,Nepal,United Kingdom of Great Britain and Northern Ireland,G,Government,A,Appeal,C,Cases,1.3,34,,
2016,NPL,GBR,Nepal,United Kingdom of Great Britain and Northern Ireland,G,Government,N,New,P,Persons,0,209,,
2016,NPL,GEO,Nepal,Georgia,G,Government,N,New,P,Persons,0,9,,
2016,NPL,DEU,Nepal,Germany,G,Government,N,New,P,Persons,0,131,,
2016,NPL,GRC,Nepal,Greece,G,Government,A,Appeal,P,Persons,0,18,,
2016,NPL,GRC,Nepal,Greece,G,Government,N,New,P,Persons,0,47,,
2016,NPL,GTM,Nepal,Guatemala,G,Government,N,New,P,Persons,4,12,,
2016,NPL,HUN,Nepal,Hungary,G,Government,N,New,P,Persons,0,52,,
2016,NPL,IRL,Nepal,Ireland,G,Government,A,Appeal,P,Persons,0,5,,
2016,NPL,IRL,Nepal,Ireland,G,Government,N,New,P,Persons,0,12,,
2016,NPL,ITA,Nepal,Italy,G,Government,N,New,P,Persons,0,63,,
2016,NPL,JPN,Nepal,Japan,G,Government,A,Appeal,P,Persons,0,939,,
2016,NPL,JPN,Nepal,Japan,G,Government,N,New,P,Persons,0,1451,,
2016,NPL,KOR,Nepal,Republic of Korea,G,Government,N,New,P,Persons,0,217,,
2016,NPL,LVA,Nepal,Latvia,G,Government,N,New,P,Persons,0,10,,
2016,NPL,NLD,Nepal,Netherlands,G,Government,N,New,P,Persons,0,12,,
2016,NPL,NLD,Nepal,Netherlands,G,Government,R,Repeat,P,Persons,0,6,,
2016,NPL,NOR,Nepal,Norway,G,Government,A,Appeal,P,Persons,0,9,,
2016,NPL,NOR,Nepal,Norway,G,Government,N,New,P,Persons,0,5,,
2016,NPL,NZL,Nepal,New Zealand,G,Government,N,New,P,Persons,0,5,,
2016,NPL,ZAF,Nepal,South Africa,G,Government,N,New,P,Persons,0,18,,
2016,NPL,SWE,Nepal,Sweden,G,Government,A,Appeal,P,Persons,0,30,,
2016,NPL,SWE,Nepal,Sweden,G,Government,N,New,P,Persons,0,8,,
2016,NPL,CHE,Nepal,Switzerland,G,Government,N,New,P,Persons,0,6,,
2016,NPL,THA,Nepal,Thailand,U,UNHCR,N,New,P,Persons,2.1,5,,
2016,NPL,UKR,Nepal,Ukraine,G,Government,N,New,P,Persons,2,5,,
2016,NPL,USA,Nepal,United States of America,G,Government,N,New,P,Persons,0,617,,
2016,NPL,USA,Nepal,United States of America,G,Government,N,New,C,Cases,1.46,1480,,
2017,NPL,AUS,Nepal,Australia,G,Government,A,Appeal,P,Persons,0,57,,
2017,NPL,AUS,Nepal,Australia,G,Government,N,New,P,Persons,0,126,,
2017,NPL,AUT,Nepal,Austria,G,Government,N,New,P,Persons,0,23,,
2017,NPL,BEL,Nepal,Belgium,G,Government,R,Repeat,P,Persons,0,5,,
2017,NPL,BRA,Nepal,Brazil,G,Government,N,New,P,Persons,0,65,,
2017,NPL,BIH,Nepal,Bosnia and Herzegovina,G,Government,N,New,P,Persons,1,5,,
2017,NPL,BGR,Nepal,Bulgaria,G,Government,N,New,P,Persons,0,13,,
2017,NPL,CAN,Nepal,Canada,G,Government,A,Appeal,P,Persons,0,28,,
2017,NPL,CAN,Nepal,Canada,G,Government,N,New,P,Persons,0,116,,
2017,NPL,CYP,Nepal,Cyprus,G,Government,A,Appeal,P,Persons,0,11,,
2017,NPL,CYP,Nepal,Cyprus,G,Government,N,New,P,Persons,0,75,,
2017,NPL,FRA,Nepal,France,G,Government,A,Appeal,P,Persons,0,87,,
2017,NPL,FRA,Nepal,France,G,Government,A,Appeal,P,Persons,0,5,,
2017,NPL,FRA,Nepal,France,G,Government,R,Repeat,P,Persons,0,6,,
2017,NPL,GBR,Nepal,United Kingdom of Great Britain and Northern Ireland,G,Government,A,Appeal,C,Cases,1.3,65,,
2017,NPL,GBR,Nepal,United Kingdom of Great Britain and Northern Ireland,G,Government,N,New,P,Persons,0,197,,
2017,NPL,GEO,Nepal,Georgia,G,Government,N,New,P,Persons,0,5,,
2017,NPL,DEU,Nepal,Germany,G,Government,N,New,P,Persons,0,35,,
2017,NPL,DEU,Nepal,Germany,G,Government,R,Repeat,P,Persons,0,5,,
2017,NPL,GRC,Nepal,Greece,G,Government,A,Appeal,P,Persons,0,22,,
2017,NPL,GRC,Nepal,Greece,G,Government,N,New,P,Persons,0,90,,
2017,NPL,HUN,Nepal,Hungary,G,Government,N,New,P,Persons,0,5,,
2017,NPL,IRL,Nepal,Ireland,G,Government,A,Appeal,P,Persons,0,5,,
2017,NPL,IRL,Nepal,Ireland,G,Government,N,New,P,Persons,0,6,,
2017,NPL,ISR,Nepal,Israel,G,Government,N,New,P,Persons,0,5,,
2017,NPL,ITA,Nepal,Italy,G,Government,N,New,P,Persons,0,90,,
2017,NPL,JPN,Nepal,Japan,G,Government,A,Appeal,P,Persons,0,1388,,
2017,NPL,JPN,Nepal,Japan,G,Government,N,New,P,Persons,0,1451,,
2017,NPL,KOR,Nepal,Republic of Korea,G,Government,N,New,P,Persons,0,149,,
2017,NPL,LKA,Nepal,Sri Lanka,U,UNHCR,N,New,P,Persons,0,5,,
2017,NPL,MYS,Nepal,Malaysia,U,UNHCR,N,New,P,Persons,1.5,5,,
2017,NPL,PER,Nepal,Peru,G,Government,N,New,P,Persons,0,5,,
2017,NPL,ZAF,Nepal,South Africa,G,Government,N,New,P,Persons,0,71,,
2017,NPL,ESP,Nepal,Spain,G,Government,N,New,P,Persons,0,5,,
2017,NPL,SVN,Nepal,Slovenia,G,Government,N,New,P,Persons,0,5,,
2017,NPL,SWE,Nepal,Sweden,G,Government,A,Appeal,P,Persons,0,14,,
2017,NPL,SWE,Nepal,Sweden,G,Government,N,New,P,Persons,0,11,,
2017,NPL,THA,Nepal,Thailand,U,UNHCR,A,Appeal,P,Persons,2.1,5,,
2017,NPL,USA,Nepal,United States of America,G,Government,A,Appeal,P,Persons,0,6,,
2017,NPL,USA,Nepal,United States of America,G,Government,N,New,P,Persons,0,695,,
2017,NPL,USA,Nepal,United States of America,G,Government,N,New,C,Cases,1.501,1141,,
2018,NPL,AUS,Nepal,Australia,G,Government,A,Appeal,P,Persons,0,51,,
2018,NPL,AUS,Nepal,Australia,G,Government,N,New,P,Persons,0,174,,
2018,NPL,AUT,Nepal,Austria,G,Government,N,New,P,Persons,0,11,,
2018,NPL,AZE,Nepal,Azerbaijan,G,Government,N,New,P,Persons,0,11,,
2018,NPL,BEL,Nepal,Belgium,G,Government,N,New,P,Persons,0,5,,
2018,NPL,BEL,Nepal,Belgium,G,Government,R,Repeat,P,Persons,0,5,,
2018,NPL,BRA,Nepal,Brazil,G,Government,N,New,P,Persons,0,131,,
2018,NPL,BIH,Nepal,Bosnia and Herzegovina,G,Government,N,New,P,Persons,1,13,,
2018,NPL,CAN,Nepal,Canada,G,Government,A,Appeal,P,Persons,0,28,,
2018,NPL,CAN,Nepal,Canada,G,Government,N,New,P,Persons,0,166,,
2018,NPL,CYP,Nepal,Cyprus,G,Government,A,Appeal,P,Persons,0,39,,
2018,NPL,CYP,Nepal,Cyprus,G,Government,N,New,P,Persons,0,171,,
2018,NPL,DNK,Nepal,Denmark,G,Government,N,New,P,Persons,0,5,,
2018,NPL,FRA,Nepal,France,G,Government,A,Appeal,P,Persons,0,75,,
2018,NPL,FRA,Nepal,France,G,Government,N,New,P,Persons,0,104,,
2018,NPL,FRA,Nepal,France,G,Government,A,Appeal,P,Persons,0,11,,
2018,NPL,FRA,Nepal,France,G,Government,R,Repeat,P,Persons,0,13,,
2018,NPL,GBR,Nepal,United Kingdom of Great Britain and Northern Ireland,G,Government,A,Appeal,C,Cases,1.3,45,,
2018,NPL,GBR,Nepal,United Kingdom of Great Britain and Northern Ireland,G,Government,N,New,P,Persons,0,150,,
2018,NPL,DEU,Nepal,Germany,G,Government,J,Judiciary,P,Persons,0,58,,
2018,NPL,DEU,Nepal,Germany,G,Government,N,New,P,Persons,0,23,,
2018,NPL,DEU,Nepal,Germany,G,Government,R,Repeat,P,Persons,0,5,,
2018,NPL,GRC,Nepal,Greece,G,Government,A,Appeal,P,Persons,0,15,,
2018,NPL,GRC,Nepal,Greece,G,Government,N,New,P,Persons,0,114,,
2018,NPL,IRL,Nepal,Ireland,G,Government,A,Appeal,P,Persons,0,5,,
2018,NPL,IRL,Nepal,Ireland,G,Government,N,New,P,Persons,0,15,,
2018,NPL,ISR,Nepal,Israel,G,Government,N,New,P,Persons,0,39,,
2018,NPL,ITA,Nepal,Italy,G,Government,N,New,P,Persons,0,118,,
2018,NPL,JPN,Nepal,Japan,G,Government,A,Appeal,P,Persons,0,1520,,
2018,NPL,JPN,Nepal,Japan,G,Government,N,New,P,Persons,0,1713,,
2018,NPL,KOR,Nepal,Republic of Korea,G,Government,N,New,P,Persons,0,175,,
2018,NPL,MNE,Nepal,Montenegro,G,Government,N,New,P,Persons,0,20,,
2018,NPL,ZAF,Nepal,South Africa,G,Government,N,New,P,Persons,0,13,,
2018,NPL,SVN,Nepal,Slovenia,G,Government,N,New,P,Persons,0,27,,
2018,NPL,SWE,Nepal,Sweden,G,Government,N,New,P,Persons,0,14,,
2018,NPL,SWE,Nepal,Sweden,G,Government,A,Appeal,P,Persons,0,14,,
2018,NPL,SWE,Nepal,Sweden,G,Government,R,Repeat,P,Persons,0,5,,
2018,NPL,USA,Nepal,United States of America,G,Government,A,Appeal,P,Persons,0,422,,
2018,NPL,USA,Nepal,United States of America,G,Government,N,New,P,Persons,0,704,,
2018,NPL,USA,Nepal,United States of America,G,Government,N,New,C,Cases,1.501,379,,6606
2019,NPL,AUS,Nepal,Australia,G,Government,A,Appeal,P,Persons,0,35,,
2019,NPL,AUS,Nepal,Australia,G,Government,N,New,P,Persons,0,182,,
2019,NPL,AUT,Nepal,Austria,G,Government,N,New,P,Persons,0,6,,
2019,NPL,BRA,Nepal,Brazil,G,Government,N,New,P,Persons,0,112,,
2019,NPL,CAN,Nepal,Canada,G,Government,A,Appeal,P,Persons,0,18,,
2019,NPL,CAN,Nepal,Canada,G,Government,N,New,P,Persons,0,139,,
2019,NPL,CYP,Nepal,Cyprus,G,Government,A,Appeal,P,Persons,0,82,,
2019,NPL,CYP,Nepal,Cyprus,G,Government,N,New,P,Persons,0,313,,
2019,NPL,CYP,Nepal,Cyprus,G,Government,R,Repeat,P,Persons,0,11,,
2019,NPL,FRA,Nepal,France,G,Government,A,Appeal,P,Persons,0,54,,
2019,NPL,FRA,Nepal,France,G,Government,N,New,P,Persons,0,109,,
2019,NPL,FRA,Nepal,France,G,Government,A,Appeal,P,Persons,0,6,,
2019,NPL,FRA,Nepal,France,G,Government,R,Repeat,P,Persons,0,6,,
2019,NPL,GBR,Nepal,United Kingdom of Great Britain and Northern Ireland,G,Government,A,Appeal,C,Cases,1,32,,
2019,NPL,GBR,Nepal,United Kingdom of Great Britain and Northern Ireland,G,Government,N,New,P,Persons,0,167,,
2019,NPL,GBR,Nepal,United Kingdom of Great Britain and Northern Ireland,G,Government,R,Repeat,P,Persons,0,6,,
2019,NPL,DEU,Nepal,Germany,G,Government,N,New,P,Persons,0,10,,
2019,NPL,GRC,Nepal,Greece,G,Government,N,New,P,Persons,0,137,,
2019,NPL,HRV,Nepal,Croatia,G,Government,N,New,P,Persons,0,5,,
2019,NPL,IRL,Nepal,Ireland,G,Government,A,Appeal,P,Persons,0,5,,
2019,NPL,IRL,Nepal,Ireland,G,Government,N,New,P,Persons,0,9,,
2019,NPL,ISR,Nepal,Israel,G,Government,N,New,P,Persons,0,59,,
2019,NPL,ITA,Nepal,Italy,G,Government,N,New,P,Persons,0,28,,
2019,NPL,JPN,Nepal,Japan,G,Government,A,Appeal,P,Persons,0,838,,
2019,NPL,JPN,Nepal,Japan,G,Government,N,New,P,Persons,0,1256,,
2019,NPL,KOR,Nepal,Republic of Korea,G,Government,N,New,P,Persons,0,291,,
2019,NPL,MEX,Nepal,Mexico,G,Government,N,New,P,Persons,2,9,,
2019,NPL,MNE,Nepal,Montenegro,G,Government,N,New,P,Persons,0,12,,
2019,NPL,MLT,Nepal,Malta,G,Government,N,New,P,Persons,0,19,,
2019,NPL,NLD,Nepal,Netherlands,G,Government,N,New,P,Persons,0,8,,
2019,NPL,NZL,Nepal,New Zealand,G,Government,N,New,P,Persons,0,5,,
2019,NPL,ROU,Nepal,Romania,G,Government,N,New,P,Persons,1,8,,
2019,NPL,ZAF,Nepal,South Africa,G,Government,R,Repeat,P,Persons,0,68,,
2019,NPL,ZAF,Nepal,South Africa,G,Government,N,New,P,Persons,0,73,,
2019,NPL,ESP,Nepal,Spain,G,Government,N,New,P,Persons,0,5,,
2019,NPL,SWE,Nepal,Sweden,G,Government,A,Appeal,P,Persons,0,14,,
2019,NPL,SWE,Nepal,Sweden,G,Government,N,New,P,Persons,0,20,,
2019,NPL,CHE,Nepal,Switzerland,G,Government,N,New,P,Persons,0,8,,
2019,NPL,USA,Nepal,United States of America,G,Government,A,Appeal,P,Persons,0,393,,
2019,NPL,USA,Nepal,United States of America,G,Government,N,New,P,Persons,0,541,,5574
2019,NPL,USA,Nepal,United States of America,G,Government,N,New,C,Cases,2,475,,
2020,NPL,AUS,Nepal,Australia,G,Government,A,Appeal,P,Persons,0,45,,
2020,NPL,AUS,Nepal,Australia,G,Government,N,New,P,Persons,0,105,,
2020,NPL,BRA,Nepal,Brazil,G,Government,N,New,P,Persons,0,12,,
2020,NPL,CAN,Nepal,Canada,G,Government,N,New,P,Persons,0,47,,
2020,NPL,CAN,Nepal,Canada,G,Government,N,New,P,Persons,0,16,,
2020,NPL,CYP,Nepal,Cyprus,G,Government,A,Appeal,P,Persons,0,71,,
2020,NPL,CYP,Nepal,Cyprus,G,Government,N,New,P,Persons,0,135,,
2020,NPL,FRA,Nepal,France,G,Government,A,Appeal,P,Persons,0,19,,
2020,NPL,FRA,Nepal,France,G,Government,N,New,P,Persons,0,32,,
2020,NPL,GBR,Nepal,United Kingdom of Great Britain and Northern Ireland,G,Government,A,Appeal,C,Cases,1.3,9,,
2020,NPL,GBR,Nepal,United Kingdom of Great Britain and Northern Ireland,G,Government,N,New,P,Persons,0,57,,
2020,NPL,DEU,Nepal,Germany,G,Government,J,Judiciary,P,Persons,0,9,,
2020,NPL,GRC,Nepal,Greece,G,Government,A,Appeal,P,Persons,0,14,,
2020,NPL,GRC,Nepal,Greece,G,Government,N,New,P,Persons,0,6,,
2020,NPL,ISR,Nepal,Israel,G,Government,N,New,P,Persons,0,17,,
2020,NPL,ITA,Nepal,Italy,G,Government,N,New,P,Persons,0,11,,
2020,NPL,KOR,Nepal,Republic of Korea,G,Government,N,New,P,Persons,0,181,,
2020,NPL,MEX,Nepal,Mexico,G,Government,N,New,P,Persons,1.5,6,,
2020,NPL,POL,Nepal,Poland,G,Government,A,Appeal,P,Persons,1,5,,
2020,NPL,SVN,Nepal,Slovenia,G,Government,N,New,P,Persons,0,5,,
2020,NPL,SWE,Nepal,Sweden,G,Government,A,Appeal,P,Persons,0,6,,
2020,NPL,SWE,Nepal,Sweden,G,Government,N,New,P,Persons,0,5,,
2020,NPL,CHE,Nepal,Switzerland,G,Government,N,New,P,Persons,0,5,,
2020,NPL,USA,Nepal,United States of America,G,Government,A,Appeal,P,Persons,0,133,,
2020,NPL,USA,Nepal,United States of America,G,Government,N,New,P,Persons,0,62,,
2020,NPL,USA,Nepal,United States of America,G,Government,N,New,C,Cases,1.49,179,,1192
