Year,Country of Origin Code,Country of Asylum Code,Country of Origin Name,Country of Asylum Name,Population Type,location,urbanRural,accommodationType,Female 0-4,Female 5-11,Female 12-17,Female 18-59,Female 60 or more,Female Unknown,Female Total,Male 0-4,Male 5-11,Male 12-17,Male 18-59,Male 60 or more,Male Unknown,Male Total,Total
#date+year,#country+code+origin,#country+code+asylum,#country+name+origin,#country+name+asylum,#indicator+population_type,,,,#affected+f+infants+age_0_4,#affected+f+children+age_5_11,#affected+f+adolescents+age_12_17,#affected+f+adults+age_18_59,#affected+f+elderly+age_60,#affected+f+unknown_age,#affected+f+total,#affected+m+infants+age_0_4,#affected+m+children+age_5_11,#affected+m+adolescents+age_12_17,#affected+m+adults+age_18_59,#affected+m+elderly+age_60,#affected+m+unknown_age,#affected+m+total,#affected+all+total
2001,AFG,NPL,Afghanistan,Nepal,ASY,,,,0,0,0,0,0,0,0,0,0,0,0,0,0,0,0
2001,BTN,NPL,Bhutan,Nepal,REF,,,,4480,0,0,25628,2231,21990,54329,4617,0,0,26358,3029,22447,56451,110780
2001,CHN,NPL,China,Nepal,ASY,,,,0,0,0,0,0,0,0,0,0,0,6,0,5,11,11
2001,CHN,NPL,China,Nepal,REF,,,,0,0,0,0,0,0,0,0,0,0,12,0,0,12,12
2001,IRN,NPL,Iran (Islamic Republic of),Nepal,REF,,,,0,0,0,0,0,0,0,0,0,0,0,0,0,0,0
2001,IRQ,NPL,Iraq,Nepal,REF,,,,0,0,0,0,0,0,0,0,0,0,5,0,0,5,5
2001,LKA,NPL,Sri Lanka,Nepal,REF,,,,0,0,0,0,0,0,0,0,0,0,0,0,8,8,8
2001,MMR,NPL,Myanmar,Nepal,REF,,,,0,0,0,0,0,0,0,0,0,0,0,0,0,0,0
2001,TIB,NPL,Tibetan,Nepal,REF,,,,0,0,0,0,0,0,0,0,0,0,0,0,0,0,20140
2002,BTN,NPL,Bhutan,Nepal,REF,,,,4466,0,0,26626,2296,21704,55092,4812,0,0,27444,2871,22044,57171,112263
2002,CHN,NPL,China,Nepal,ASY,,,,0,0,0,8,0,0,8,0,0,0,0,0,0,0,8
2002,CHN,NPL,China,Nepal,REF,,,,0,0,0,0,0,0,0,0,0,0,13,0,0,13,13
2002,IRQ,NPL,Iraq,Nepal,ASY,,,,0,0,0,0,0,0,0,0,0,0,0,0,0,0,0
2002,IRQ,NPL,Iraq,Nepal,REF,,,,0,0,0,0,0,0,0,0,0,0,0,0,0,0,0
2002,LKA,NPL,Sri Lanka,Nepal,REF,,,,0,0,0,0,0,0,0,0,0,0,0,0,7,7,7
2002,MMR,NPL,Myanmar,Nepal,ASY,,,,0,0,0,0,0,0,0,0,0,0,0,0,0,0,0
2002,MMR,NPL,Myanmar,Nepal,REF,,,,0,0,0,0,0,0,0,0,0,0,0,0,0,0,0
2002,TIB,NPL,Tibetan,Nepal,REF,,,,0,0,0,0,0,0,0,0,0,0,0,0,0,0,20149
2003,EGY,NPL,Egypt,Nepal,ASY,,,,0,0,0,0,0,0,0,0,0,0,0,0,0,0,0
2003,BTN,NPL,Bhutan,Nepal,ASY,,,,0,0,0,0,0,103,103,0,0,0,0,0,103,103,206
2003,BTN,NPL,Bhutan,Nepal,OOC,,,,0,0,0,0,0,0,0,0,0,0,0,0,0,0,10000
2003,BTN,NPL,Bhutan,Nepal,REF,,,,3805,0,0,23964,2456,20662,50887,4051,0,0,24633,2997,21082,52763,103650
2003,CHN,NPL,China,Nepal,ASY,,,,0,0,0,0,0,0,0,0,0,0,0,0,0,0,0
2003,CHN,NPL,China,Nepal,REF,,,,0,0,0,0,0,0,0,0,0,0,0,0,0,0,5
2003,IRN,NPL,Iran (Islamic Republic of),Nepal,ASY,,,,0,0,0,0,0,0,0,0,0,0,0,0,0,0,5
2003,IRN,NPL,Iran (Islamic Republic of),Nepal,REF,,,,0,0,0,0,0,0,0,0,0,0,0,0,0,0,0
2003,IRQ,NPL,Iraq,Nepal,ASY,,,,0,0,0,0,0,0,0,0,0,0,0,0,0,0,16
2003,IRQ,NPL,Iraq,Nepal,REF,,,,0,0,0,0,0,0,0,0,0,0,0,0,0,0,0
2003,LKA,NPL,Sri Lanka,Nepal,REF,,,,0,0,0,0,0,0,0,0,0,0,0,0,7,7,7
2003,MMR,NPL,Myanmar,Nepal,ASY,,,,0,0,0,0,0,0,0,0,0,0,0,0,0,0,0
2003,MMR,NPL,Myanmar,Nepal,REF,,,,0,0,0,0,0,0,0,0,0,0,0,0,0,0,0
2003,NER,NPL,Niger,Nepal,ASY,,,,0,0,0,0,0,0,0,0,0,0,5,0,0,5,5
2003,SOM,NPL,Somalia,Nepal,ASY,,,,0,0,0,0,0,0,0,0,0,0,0,0,0,0,0
2003,TIB,NPL,Tibetan,Nepal,OOC,,,,0,0,0,0,0,0,0,0,0,0,0,0,0,0,704
2003,TIB,NPL,Tibetan,Nepal,REF,,,,0,0,0,0,0,0,0,0,0,0,0,0,0,0,20000
2004,EGY,NPL,Egypt,Nepal,REF,,,,0,0,0,0,0,0,0,0,0,0,0,0,0,0,0
2004,BTN,NPL,Bhutan,Nepal,ASY,,,,0,0,0,0,0,0,0,0,0,0,0,0,0,0,445
2004,BTN,NPL,Bhutan,Nepal,OOC,,,,0,0,0,0,0,5000,5000,0,0,0,0,0,5000,5000,10000
2004,BTN,NPL,Bhutan,Nepal,REF,,,,4112,0,0,28596,2780,15891,51379,4352,0,0,29448,3447,16289,53536,104915
2004,CHN,NPL,China,Nepal,REF,,,,0,0,0,0,0,0,0,0,0,0,5,0,0,5,5
2004,IRN,NPL,Iran (Islamic Republic of),Nepal,ASY,,,,0,0,0,0,0,0,0,0,0,0,0,0,0,0,5
2004,IRN,NPL,Iran (Islamic Republic of),Nepal,REF,,,,0,0,0,0,0,0,0,0,0,0,0,0,0,0,0
2004,IRQ,NPL,Iraq,Nepal,ASY,,,,0,0,0,0,0,0,0,0,0,0,0,0,0,0,8
2004,IRQ,NPL,Iraq,Nepal,REF,,,,0,0,0,0,0,0,0,0,0,0,0,0,0,0,0
2004,LKA,NPL,Sri Lanka,Nepal,REF,,,,0,0,0,0,0,0,0,0,0,0,0,0,0,0,0
2004,MMR,NPL,Myanmar,Nepal,ASY,,,,0,0,0,0,0,0,0,0,0,0,0,0,0,0,6
2004,MMR,NPL,Myanmar,Nepal,REF,,,,0,0,0,0,0,0,0,0,0,0,0,0,0,0,0
2004,PAK,NPL,Pakistan,Nepal,ASY,,,,9,0,0,32,0,12,53,21,0,0,108,0,9,138,191
2004,SOM,NPL,Somalia,Nepal,ASY,,,,0,0,0,0,0,0,0,0,0,0,0,0,0,0,0
2004,SOM,NPL,Somalia,Nepal,REF,,,,0,0,0,0,0,0,0,0,0,0,0,0,0,0,0
2004,TIB,NPL,Tibetan,Nepal,OOC,,,,0,0,0,0,0,0,0,0,0,0,0,0,0,0,737
2004,TIB,NPL,Tibetan,Nepal,REF,,,,0,0,0,0,0,9536,9536,0,0,0,0,0,10464,10464,20000
2005,EGY,NPL,Egypt,Nepal,REF,,,,0,0,0,0,0,0,0,0,0,0,0,0,0,0,0
2005,BGD,NPL,Bangladesh,Nepal,ASY,,,,0,0,0,0,0,0,0,0,0,0,0,0,0,0,0
2005,BTN,NPL,Bhutan,Nepal,ASY,,,,0,0,0,0,0,0,0,0,0,0,0,0,0,0,1034
2005,BTN,NPL,Bhutan,Nepal,OOC,,,,0,0,0,0,0,0,0,0,0,0,0,0,0,0,10000
2005,BTN,NPL,Bhutan,Nepal,REF,,,,4813,0,0,28605,2695,15913,52026,5126,0,0,29419,3354,16323,54222,106248
2005,CHN,NPL,China,Nepal,ASY,,,,0,0,0,0,0,0,0,0,0,0,0,0,0,0,0
2005,CHN,NPL,China,Nepal,REF,,,,0,0,0,0,0,0,0,0,0,0,0,0,0,0,0
2005,CMR,NPL,Cameroon,Nepal,REF,,,,0,0,0,0,0,0,0,0,0,0,0,0,0,0,0
2005,ETH,NPL,Ethiopia,Nepal,REF,,,,0,0,0,0,0,0,0,0,0,0,0,0,0,0,0
2005,IRN,NPL,Iran (Islamic Republic of),Nepal,REF,,,,0,0,0,0,0,0,0,0,0,0,5,0,0,5,5
2005,IRQ,NPL,Iraq,Nepal,ASY,,,,0,0,0,0,0,0,0,0,0,0,8,0,0,8,8
2005,LBR,NPL,Liberia,Nepal,ASY,,,,0,0,0,0,0,0,0,0,0,0,8,0,0,8,8
2005,LKA,NPL,Sri Lanka,Nepal,REF,,,,0,0,0,0,0,0,0,0,0,0,0,0,0,0,0
2005,MMR,NPL,Myanmar,Nepal,ASY,,,,0,0,0,0,0,0,0,0,0,0,5,0,0,5,5
2005,MMR,NPL,Myanmar,Nepal,REF,,,,0,0,0,0,0,0,0,0,0,0,9,0,0,9,9
2005,NGA,NPL,Nigeria,Nepal,ASY,,,,0,0,0,0,0,0,0,0,0,0,0,0,0,0,0
2005,PAK,NPL,Pakistan,Nepal,ASY,,,,17,0,0,38,0,9,64,15,0,0,126,0,9,150,214
2005,PAK,NPL,Pakistan,Nepal,REF,,,,0,0,0,0,0,0,0,0,0,0,12,0,0,12,12
2005,SOM,NPL,Somalia,Nepal,ASY,,,,0,0,0,0,0,0,0,0,0,0,0,0,0,0,0
2005,SOM,NPL,Somalia,Nepal,REF,,,,0,0,0,0,0,0,0,0,0,0,5,0,0,5,5
2005,STA,NPL,Stateless,Nepal,STA,,,,0,0,0,0,0,0,0,0,0,0,0,0,0,0,400000
2005,TIB,NPL,Tibetan,Nepal,OOC,,,,6,0,0,130,6,122,264,5,0,0,464,7,188,664,928
2005,TIB,NPL,Tibetan,Nepal,REF,,,,0,0,0,0,0,9610,9610,0,0,0,0,0,10543,10543,20153
2006,EGY,NPL,Egypt,Nepal,REF,,,,0,0,0,0,0,0,0,0,0,0,0,0,0,0,0
2006,BGD,NPL,Bangladesh,Nepal,REF,,,,0,0,0,0,0,0,0,0,0,0,0,0,0,0,0
2006,BTN,NPL,Bhutan,Nepal,ASY,,,,0,0,0,0,0,0,0,0,0,0,0,0,0,0,1343
2006,BTN,NPL,Bhutan,Nepal,OOC,,,,0,0,0,0,0,0,0,0,0,0,0,0,0,0,10000
2006,BTN,NPL,Bhutan,Nepal,REF,,,,3712,0,0,31151,3215,14685,52763,4172,0,0,31822,3784,15262,55040,107803
2006,CHN,NPL,China,Nepal,ASY,,,,0,0,0,0,0,0,0,0,0,0,0,0,0,0,0
2006,CHN,NPL,China,Nepal,REF,,,,0,0,0,0,0,0,0,0,0,0,0,0,0,0,0
2006,CMR,NPL,Cameroon,Nepal,ASY,,,,0,0,0,0,0,0,0,0,0,0,0,0,0,0,0
2006,ETH,NPL,Ethiopia,Nepal,REF,,,,0,0,0,0,0,0,0,0,5,0,0,0,0,5,5
2006,IRN,NPL,Iran (Islamic Republic of),Nepal,ASY,,,,0,0,0,5,0,0,5,0,0,0,0,0,0,0,5
2006,IRN,NPL,Iran (Islamic Republic of),Nepal,REF,,,,0,0,0,0,0,0,0,0,0,0,5,0,0,5,5
2006,IRQ,NPL,Iraq,Nepal,ASY,,,,0,0,0,0,0,0,0,0,0,0,0,0,0,0,0
2006,IRQ,NPL,Iraq,Nepal,REF,,,,0,0,0,0,0,0,0,0,0,0,7,0,0,7,7
2006,LBR,NPL,Liberia,Nepal,ASY,,,,0,0,0,0,0,0,0,0,0,0,5,0,0,5,5
2006,LKA,NPL,Sri Lanka,Nepal,REF,,,,0,0,0,0,0,0,0,0,0,0,0,0,0,0,0
2006,MMR,NPL,Myanmar,Nepal,ASY,,,,0,0,0,0,0,0,0,0,0,0,6,0,0,6,6
2006,MMR,NPL,Myanmar,Nepal,REF,,,,0,0,0,0,0,0,0,0,0,0,11,0,0,11,11
2006,NPL,NPL,Nepal,Nepal,IDP,,,,0,0,0,0,0,0,0,0,0,0,0,0,0,0,100000
2006,NGA,NPL,Nigeria,Nepal,ASY,,,,0,0,0,0,0,0,0,0,0,0,11,0,0,11,11
2006,PAK,NPL,Pakistan,Nepal,ASY,,,,5,0,0,9,0,0,14,6,0,0,28,0,5,39,53
2006,PAK,NPL,Pakistan,Nepal,REF,,,,16,0,0,27,0,5,48,13,0,0,63,0,12,88,136
2006,SLE,NPL,Sierra Leone,Nepal,ASY,,,,0,0,0,0,0,0,0,0,0,0,0,0,0,0,0
2006,SOM,NPL,Somalia,Nepal,ASY,,,,0,0,5,6,0,0,11,0,0,0,17,0,26,43,54
2006,SOM,NPL,Somalia,Nepal,REF,,,,5,0,0,6,0,5,16,6,0,0,17,0,13,36,52
2006,STA,NPL,Stateless,Nepal,STA,,,,0,0,0,0,0,0,0,0,0,0,0,0,0,0,3400000
2006,SDN,NPL,Sudan,Nepal,ASY,,,,0,0,0,0,0,0,0,0,0,0,0,0,0,0,0
2006,TIB,NPL,Tibetan,Nepal,OOC,,,,5,0,0,56,0,49,110,5,0,0,191,5,76,277,387
2006,TIB,NPL,Tibetan,Nepal,REF,,,,0,0,0,0,0,9610,9610,0,0,0,0,0,10543,10543,20153
2007,EGY,NPL,Egypt,Nepal,REF,,,,0,0,0,0,0,0,0,0,0,0,0,0,0,0,0
2007,BGD,NPL,Bangladesh,Nepal,REF,,,,0,0,0,0,0,0,0,0,0,0,0,0,0,0,0
2007,BTN,NPL,Bhutan,Nepal,ASY,,,,41,0,0,379,46,191,657,34,0,0,594,50,215,893,1550
2007,BTN,NPL,Bhutan,Nepal,REF,,,,4104,0,0,31841,3467,14930,54342,4324,0,5,32205,4022,15412,55968,110310
2007,CHN,NPL,China,Nepal,REF,,,,0,0,0,0,0,0,0,0,0,0,0,0,0,0,0
2007,ETH,NPL,Ethiopia,Nepal,REF,,,,0,0,0,0,0,0,0,0,5,0,0,0,0,5,5
2007,IRN,NPL,Iran (Islamic Republic of),Nepal,ASY,,,,0,0,0,5,0,0,5,0,0,0,0,0,0,0,5
2007,IRN,NPL,Iran (Islamic Republic of),Nepal,REF,,,,0,0,0,0,0,0,0,0,0,0,5,0,0,5,5
2007,IRQ,NPL,Iraq,Nepal,ASY,,,,0,0,0,0,0,0,0,0,0,0,0,0,0,0,0
2007,IRQ,NPL,Iraq,Nepal,REF,,,,0,0,0,0,0,0,0,0,0,0,0,0,0,0,0
2007,LKA,NPL,Sri Lanka,Nepal,REF,,,,0,0,0,0,0,0,0,0,0,0,0,0,0,0,0
2007,MMR,NPL,Myanmar,Nepal,ASY,,,,0,0,0,0,0,0,0,0,0,0,0,0,0,0,0
2007,MMR,NPL,Myanmar,Nepal,REF,,,,0,0,0,0,0,0,0,0,0,0,12,0,0,12,12
2007,NPL,NPL,Nepal,Nepal,IDP,,,,0,0,0,0,0,0,0,0,0,0,0,0,0,0,50000
2007,NPL,NPL,Nepal,Nepal,RDP,,,,0,0,0,0,0,0,0,0,0,0,0,0,0,0,50000
2007,PAK,NPL,Pakistan,Nepal,ASY,,,,5,0,0,5,0,0,10,0,0,5,7,0,0,12,22
2007,PAK,NPL,Pakistan,Nepal,REF,,,,13,0,0,27,0,6,46,15,0,0,65,0,11,91,137
2007,SOM,NPL,Somalia,Nepal,ASY,,,,5,0,0,6,0,5,16,0,0,5,25,0,9,39,55
2007,SOM,NPL,Somalia,Nepal,REF,,,,7,0,0,11,0,0,18,6,0,0,23,0,9,38,56
2007,STA,NPL,Stateless,Nepal,STA,,,,0,0,0,0,0,0,0,0,0,0,0,0,0,0,800000
2007,TIB,NPL,Tibetan,Nepal,OOC,,,,0,0,0,0,0,0,0,0,0,0,0,0,0,0,141
2007,TIB,NPL,Tibetan,Nepal,REF,,,,0,0,0,0,0,9610,9610,0,0,0,0,0,10543,10543,20153
2008,AFG,NPL,Afghanistan,Nepal,ASY,,,,0,0,0,0,0,0,0,0,0,0,0,0,0,0,0
2008,BGD,NPL,Bangladesh,Nepal,REF,,,,0,0,0,0,0,0,0,0,0,0,0,0,0,0,0
2008,BTN,NPL,Bhutan,Nepal,ASY,,,,19,0,0,200,17,130,366,23,0,0,387,27,146,583,949
2008,BTN,NPL,Bhutan,Nepal,REF,,,,3934,0,5,30513,3306,13670,51428,4178,0,5,31031,3855,14090,53159,104587
2008,CHN,NPL,China,Nepal,REF,,,,0,0,0,0,0,0,0,0,0,0,0,0,0,0,0
2008,ETH,NPL,Ethiopia,Nepal,REF,,,,0,0,0,0,0,0,0,0,5,0,0,0,0,5,5
2008,IRN,NPL,Iran (Islamic Republic of),Nepal,ASY,,,,0,0,0,0,0,0,0,0,0,0,0,0,0,0,0
2008,IRN,NPL,Iran (Islamic Republic of),Nepal,REF,,,,0,0,0,0,0,0,0,0,0,0,0,0,0,0,0
2008,IRQ,NPL,Iraq,Nepal,ASY,,,,0,0,0,0,0,0,0,0,0,0,0,0,0,0,0
2008,IRQ,NPL,Iraq,Nepal,REF,,,,0,0,0,0,0,0,0,0,0,0,0,0,0,0,0
2008,LKA,NPL,Sri Lanka,Nepal,REF,,,,0,0,0,0,0,0,0,0,0,0,0,0,0,0,0
2008,MMR,NPL,Myanmar,Nepal,ASY,,,,0,0,0,5,0,0,5,0,0,0,5,0,0,5,10
2008,MMR,NPL,Myanmar,Nepal,REF,,,,0,0,0,5,0,0,5,0,0,0,8,0,0,8,13
2008,NPL,NPL,Nepal,Nepal,RET,,,,0,0,0,0,0,0,0,0,0,0,0,0,0,0,0
2008,PAK,NPL,Pakistan,Nepal,ASY,,,,0,0,0,7,0,0,7,0,0,0,0,0,0,0,7
2008,PAK,NPL,Pakistan,Nepal,REF,,,,15,0,0,29,0,10,54,13,0,0,59,0,20,92,146
2008,SOM,NPL,Somalia,Nepal,ASY,,,,0,0,0,5,0,0,5,0,0,0,0,0,5,5,10
2008,SOM,NPL,Somalia,Nepal,REF,,,,8,0,0,13,0,5,26,6,0,0,37,0,6,49,75
2008,STA,NPL,Stateless,Nepal,STA,,,,0,0,0,0,0,0,0,0,0,0,0,0,0,0,800000
2008,TIB,NPL,Tibetan,Nepal,OOC,,,,0,0,5,12,0,15,32,0,0,0,21,0,6,27,59
2008,TIB,NPL,Tibetan,Nepal,REF,,,,0,0,0,0,0,10000,10000,0,0,0,0,0,10000,10000,20000
2009,AFG,NPL,Afghanistan,Nepal,ASY,,,,0,0,0,0,0,0,0,0,0,0,0,0,0,0,0
2009,AFG,NPL,Afghanistan,Nepal,REF,,,,0,0,0,0,0,0,0,0,0,0,0,0,0,0,0
2009,BGD,NPL,Bangladesh,Nepal,REF,,,,0,0,0,0,0,0,0,0,0,0,0,0,0,0,0
2009,BTN,NPL,Bhutan,Nepal,ASY,,,,15,0,0,203,17,117,352,19,0,0,390,26,140,575,927
2009,BTN,NPL,Bhutan,Nepal,REF,,,,3508,0,0,25174,2696,12006,43384,3726,0,5,25545,3173,12372,44821,88205
2009,CHN,NPL,China,Nepal,REF,,,,0,0,0,0,0,0,0,0,0,0,0,0,0,0,0
2009,ETH,NPL,Ethiopia,Nepal,REF,,,,0,0,0,0,0,0,0,0,5,0,0,0,0,5,5
2009,IRN,NPL,Iran (Islamic Republic of),Nepal,ASY,,,,0,0,0,0,0,0,0,0,0,0,0,0,0,0,0
2009,IRN,NPL,Iran (Islamic Republic of),Nepal,REF,,,,0,0,0,0,0,0,0,0,0,0,0,0,0,0,0
2009,IRQ,NPL,Iraq,Nepal,REF,,,,0,0,0,0,0,0,0,0,0,0,5,0,0,5,5
2009,LKA,NPL,Sri Lanka,Nepal,ASY,,,,0,0,0,0,0,0,0,0,0,0,7,0,0,7,7
2009,LKA,NPL,Sri Lanka,Nepal,REF,,,,0,0,0,0,0,0,0,0,0,0,0,0,0,0,0
2009,MMR,NPL,Myanmar,Nepal,ASY,,,,0,0,0,5,0,0,5,0,0,0,12,0,5,17,22
2009,MMR,NPL,Myanmar,Nepal,REF,,,,0,0,0,6,0,0,6,0,0,0,5,0,0,5,11
2009,NPL,NPL,Nepal,Nepal,RET,,,,0,0,0,0,0,0,0,0,0,0,0,0,0,0,0
2009,PAK,NPL,Pakistan,Nepal,ASY,,,,0,0,0,11,0,0,11,7,0,0,0,0,0,7,18
2009,PAK,NPL,Pakistan,Nepal,REF,,,,15,0,0,27,0,8,50,14,0,0,56,0,22,92,142
2009,SOM,NPL,Somalia,Nepal,ASY,,,,0,0,0,0,0,0,0,0,0,0,0,0,0,0,0
2009,SOM,NPL,Somalia,Nepal,REF,,,,9,0,0,18,0,6,33,7,0,0,40,0,9,56,89
2009,STA,NPL,Stateless,Nepal,STA,,,,0,0,0,0,0,0,0,0,0,0,0,0,0,0,800000
2009,TIB,NPL,Tibetan,Nepal,OOC,,,,0,0,0,0,0,0,0,0,0,0,0,0,0,0,109
2009,TIB,NPL,Tibetan,Nepal,REF,,,,0,0,0,0,0,10000,10000,0,0,0,0,0,10000,10000,20000
2009,UKN,NPL,Various / unknown,Nepal,OOC,,,,0,0,0,0,0,0,0,0,0,0,0,0,0,0,367
2010,AFG,NPL,Afghanistan,Nepal,REF,,,,0,0,0,0,0,0,0,0,0,0,0,0,0,0,0
2010,BGD,NPL,Bangladesh,Nepal,REF,,,,0,0,0,0,0,0,0,0,0,0,0,0,0,0,0
2010,BTN,NPL,Bhutan,Nepal,ASY,,,,10,0,15,220,10,94,349,15,0,0,406,33,118,572,921
2010,BTN,NPL,Bhutan,Nepal,REF,,,,3062,0,5,21187,2350,9962,36566,3255,0,0,21509,2838,10368,37970,74536
2010,IND,NPL,India,Nepal,OOC,,,,0,0,0,337,0,91,428,0,0,0,0,0,0,0,428
2010,IRN,NPL,Iran (Islamic Republic of),Nepal,REF,,,,0,0,0,0,0,0,0,0,0,0,0,0,0,0,0
2010,IRQ,NPL,Iraq,Nepal,REF,,,,0,0,0,0,0,0,0,0,0,0,5,0,0,5,5
2010,LKA,NPL,Sri Lanka,Nepal,REF,,,,0,0,0,0,0,0,0,0,0,0,0,0,0,0,0
2010,MMR,NPL,Myanmar,Nepal,REF,,,,5,0,0,9,0,0,14,0,0,5,16,0,0,21,35
2010,NPL,NPL,Nepal,Nepal,RET,,,,0,0,0,0,0,0,0,0,0,0,0,0,0,0,0
2010,PAK,NPL,Pakistan,Nepal,ASY,,,,0,0,0,6,0,0,6,5,0,0,5,0,0,10,16
2010,PAK,NPL,Pakistan,Nepal,REF,,,,13,0,0,35,0,14,62,17,0,0,55,0,22,94,156
2010,SOM,NPL,Somalia,Nepal,REF,,,,8,0,0,15,0,5,28,6,0,0,28,0,10,44,72
2010,STA,NPL,Stateless,Nepal,STA,,,,0,0,0,0,0,0,0,0,0,0,0,0,0,0,800000
2010,THA,NPL,Thailand,Nepal,ASY,,,,0,0,0,0,0,0,0,0,0,0,0,0,0,0,0
2010,TIB,NPL,Tibetan,Nepal,OOC,,,,0,0,0,0,0,0,0,0,0,0,0,0,143,143,143
2010,TIB,NPL,Tibetan,Nepal,REF,,,,0,0,0,0,0,0,0,0,0,0,0,0,0,0,15000
2011,AFG,NPL,Afghanistan,Nepal,REF,,,,0,0,0,0,0,0,0,0,0,0,0,0,0,0,0
2011,BGD,NPL,Bangladesh,Nepal,ASY,,,,0,0,0,0,0,0,0,0,0,0,0,0,0,0,0
2011,BGD,NPL,Bangladesh,Nepal,REF,,,,0,0,0,0,0,0,0,0,0,0,0,0,0,0,0
2011,BTN,NPL,Bhutan,Nepal,ASY,,,,0,0,5,228,21,94,348,0,0,0,416,34,116,566,914
2011,BTN,NPL,Bhutan,Nepal,REF,,,,2367,0,0,15833,1896,7973,28069,2433,0,0,16098,2353,8428,29312,57381
2011,COD,NPL,Democratic Republic of the Congo,Nepal,REF,,,,0,0,0,0,0,0,0,0,0,0,0,0,0,0,0
2011,IND,NPL,India,Nepal,OOC,,,,0,0,0,322,0,91,413,0,0,0,0,0,0,0,413
2011,IRN,NPL,Iran (Islamic Republic of),Nepal,REF,,,,0,0,0,0,0,0,0,0,0,0,0,0,0,0,0
2011,IRQ,NPL,Iraq,Nepal,REF,,,,0,0,0,0,0,0,0,0,0,0,5,0,0,5,5
2011,JOR,NPL,Jordan,Nepal,ASY,,,,0,0,0,0,0,0,0,0,0,0,0,0,0,0,0
2011,LKA,NPL,Sri Lanka,Nepal,ASY,,,,0,0,0,0,0,0,0,0,0,0,5,0,0,5,5
2011,LKA,NPL,Sri Lanka,Nepal,REF,,,,0,0,0,0,0,0,0,0,0,0,8,0,0,8,8
2011,MMR,NPL,Myanmar,Nepal,REF,,,,0,0,0,13,0,0,13,5,0,0,16,0,0,21,34
2011,PAK,NPL,Pakistan,Nepal,ASY,,,,0,5,0,0,0,0,5,0,0,0,0,0,0,0,5
2011,PAK,NPL,Pakistan,Nepal,REF,,,,12,0,0,34,0,15,61,16,0,0,56,0,17,89,150
2011,SOM,NPL,Somalia,Nepal,ASY,,,,0,0,0,5,0,0,5,0,0,0,0,0,0,0,5
2011,SOM,NPL,Somalia,Nepal,REF,,,,7,0,0,16,0,5,28,7,0,0,30,0,8,45,73
2011,STA,NPL,Stateless,Nepal,STA,,,,0,0,0,0,0,400000,400000,0,0,0,0,0,400000,400000,800000
2011,TIB,NPL,Tibetan,Nepal,OOC,,,,0,0,0,0,0,0,0,0,0,0,0,0,0,0,128
2011,TIB,NPL,Tibetan,Nepal,REF,,,,0,0,0,0,0,7500,7500,0,0,0,0,0,7500,7500,15000
2012,AFG,NPL,Afghanistan,Nepal,REF,,,,0,0,0,0,0,0,0,0,0,0,0,0,0,0,0
2012,AUS,NPL,Australia,Nepal,ASY,,,,0,0,0,0,0,0,0,0,0,0,0,0,0,0,0
2012,BGD,NPL,Bangladesh,Nepal,ASY,,,,0,0,0,0,0,0,0,0,0,0,0,0,0,0,0
2012,BGD,NPL,Bangladesh,Nepal,REF,,,,0,0,0,0,0,0,0,0,0,0,0,0,0,0,0
2012,BTN,NPL,Bhutan,Nepal,REF,,,,1808,2547,2483,11484,1462,0,19784,1862,2717,2704,12050,1854,0,21187,40971
2012,COD,NPL,Democratic Republic of the Congo,Nepal,ASY,,,,0,0,0,0,0,0,0,0,0,0,0,0,0,0,0
2012,COD,NPL,Democratic Republic of the Congo,Nepal,REF,,,,0,0,0,0,0,0,0,0,0,0,5,0,0,5,5
2012,IND,NPL,India,Nepal,OOC,,,,0,0,0,286,0,160,446,0,0,0,0,0,0,0,446
2012,IRN,NPL,Iran (Islamic Republic of),Nepal,REF,,,,0,0,0,5,0,0,5,0,0,0,0,0,0,0,5
2012,IRQ,NPL,Iraq,Nepal,REF,,,,0,0,0,0,0,0,0,0,0,0,5,0,0,5,5
2012,LKA,NPL,Sri Lanka,Nepal,ASY,,,,0,0,0,0,0,0,0,0,0,0,0,0,0,0,0
2012,LKA,NPL,Sri Lanka,Nepal,REF,,,,0,0,0,5,0,0,5,0,0,0,6,0,0,6,11
2012,MMR,NPL,Myanmar,Nepal,REF,,,,6,0,0,13,0,0,19,0,0,6,22,0,0,28,47
2012,PAK,NPL,Pakistan,Nepal,ASY,,,,0,8,0,0,0,0,8,0,8,0,0,0,0,8,16
2012,PAK,NPL,Pakistan,Nepal,REF,,,,14,16,5,41,0,0,76,13,15,6,59,0,0,93,169
2012,PHL,NPL,Philippines,Nepal,ASY,,,,0,0,0,0,0,0,0,0,0,0,0,0,0,0,0
2012,SOM,NPL,Somalia,Nepal,ASY,,,,0,0,0,0,0,0,0,0,0,0,0,0,0,0,0
2012,SOM,NPL,Somalia,Nepal,REF,,,,0,5,0,13,0,0,18,0,0,7,25,0,0,32,50
2012,TIB,NPL,Tibetan,Nepal,OOC,,,,0,0,0,0,0,0,0,0,0,0,0,0,0,0,0
2012,TIB,NPL,Tibetan,Nepal,REF,,,,0,0,0,0,0,7500,7500,0,0,0,0,0,7500,7500,15000
2013,AFG,NPL,Afghanistan,Nepal,ASY,,,,0,5,0,0,0,0,5,0,0,9,0,0,0,9,14
2013,AFG,NPL,Afghanistan,Nepal,REF,,,,0,0,0,0,0,0,0,0,0,0,0,0,0,0,0
2013,EGY,NPL,Egypt,Nepal,REF,,,,0,0,0,0,0,0,0,0,0,0,0,0,0,0,0
2013,BGD,NPL,Bangladesh,Nepal,REF,,,,0,0,0,0,0,0,0,0,0,0,0,0,0,0,0
2013,BTN,NPL,Bhutan,Nepal,REF,,,,1487,1892,1701,8732,1126,0,14938,1474,1999,1900,9235,1431,0,16039,30977
2013,COD,NPL,Democratic Republic of the Congo,Nepal,REF,,,,0,0,0,0,0,0,0,0,0,0,5,0,0,5,5
2013,IND,NPL,India,Nepal,OOC,,,,0,0,0,249,0,162,411,0,0,0,0,0,0,0,411
2013,IRN,NPL,Iran (Islamic Republic of),Nepal,REF,,,,0,0,0,0,0,0,0,0,0,0,5,0,0,5,5
2013,IRQ,NPL,Iraq,Nepal,REF,,,,0,0,0,0,0,0,0,0,0,0,5,0,0,5,5
2013,LKA,NPL,Sri Lanka,Nepal,ASY,,,,0,5,0,0,0,0,5,0,0,0,0,0,0,0,5
2013,LKA,NPL,Sri Lanka,Nepal,REF,,,,0,0,0,0,0,0,0,0,0,0,13,0,0,13,13
2013,MMR,NPL,Myanmar,Nepal,ASY,,,,0,0,0,0,0,0,0,0,0,0,9,0,0,9,9
2013,MMR,NPL,Myanmar,Nepal,REF,,,,7,7,0,19,0,0,33,6,5,5,36,0,0,52,85
2013,PAK,NPL,Pakistan,Nepal,ASY,,,,11,13,13,55,0,0,92,12,18,15,72,0,0,117,209
2013,PAK,NPL,Pakistan,Nepal,REF,,,,12,20,5,49,0,0,86,13,15,7,59,0,0,94,180
2013,SOM,NPL,Somalia,Nepal,REF,,,,0,5,0,9,0,0,14,0,5,0,14,0,0,19,33
2013,TIB,NPL,Tibetan,Nepal,OOC,,,,0,0,0,5,0,0,5,0,0,0,9,0,0,9,14
2013,TIB,NPL,Tibetan,Nepal,REF,,,,0,0,0,0,0,7500,7500,0,0,0,0,0,7500,7500,15000
2014,AFG,NPL,Afghanistan,Nepal,ASY,,,,0,7,0,13,0,0,20,0,9,5,17,0,0,31,51
2014,AFG,NPL,Afghanistan,Nepal,REF,,,,0,6,0,0,0,0,6,0,5,5,0,0,0,10,16
2014,DZA,NPL,Algeria,Nepal,ASY,,,,0,0,0,0,0,0,0,0,0,0,0,0,0,0,0
2014,EGY,NPL,Egypt,Nepal,REF,,,,0,0,0,0,0,0,0,0,0,0,0,0,0,0,0
2014,BGD,NPL,Bangladesh,Nepal,REF,,,,0,0,0,0,0,0,0,0,0,0,0,0,0,0,0
2014,BTN,NPL,Bhutan,Nepal,REF,,,,1132,1480,1258,6390,791,0,11051,1126,1589,1382,6861,1050,0,12008,23059
2014,COD,NPL,Democratic Republic of the Congo,Nepal,REF,,,,0,5,0,0,0,0,5,0,0,0,0,0,0,0,5
2014,IND,NPL,India,Nepal,OOC,,,,0,0,0,226,0,155,381,0,0,0,0,0,0,0,381
2014,IRN,NPL,Iran (Islamic Republic of),Nepal,REF,,,,0,0,0,0,0,0,0,0,0,0,6,0,0,6,6
2014,IRQ,NPL,Iraq,Nepal,REF,,,,0,0,0,0,0,0,0,0,0,0,5,0,0,5,5
2014,LKA,NPL,Sri Lanka,Nepal,ASY,,,,0,0,0,5,0,0,5,0,0,5,0,0,0,5,10
2014,LKA,NPL,Sri Lanka,Nepal,REF,,,,0,0,0,5,0,0,5,0,0,0,11,0,0,11,16
2014,MMR,NPL,Myanmar,Nepal,ASY,,,,0,0,0,8,0,0,8,9,0,0,0,0,0,9,17
2014,MMR,NPL,Myanmar,Nepal,REF,,,,6,7,5,26,0,0,44,5,9,6,37,0,0,57,101
2014,PAK,NPL,Pakistan,Nepal,ASY,,,,5,8,0,14,0,0,27,5,5,5,14,0,0,29,56
2014,PAK,NPL,Pakistan,Nepal,REF,,,,17,16,12,69,5,0,119,14,24,10,95,0,0,143,262
2014,SOM,NPL,Somalia,Nepal,ASY,,,,0,0,0,0,0,0,0,0,0,0,0,0,0,0,0
2014,SOM,NPL,Somalia,Nepal,REF,,,,0,0,0,7,0,0,7,0,5,0,8,0,0,13,20
2014,TIB,NPL,Tibetan,Nepal,OOC,,,,0,0,0,0,0,0,0,0,0,5,0,0,0,5,5
2014,TIB,NPL,Tibetan,Nepal,REF,,,,0,0,0,0,0,7500,7500,0,0,0,0,0,7500,7500,15000
2015,AFG,NPL,Afghanistan,Nepal,REF,,,,6,7,0,19,0,0,32,5,8,5,19,0,0,37,69
2015,BGD,NPL,Bangladesh,Nepal,REF,,,,0,0,0,0,0,0,0,0,0,0,0,0,0,0,0
2015,BTN,NPL,Bhutan,Nepal,REF,,,,824,1170,964,4645,565,0,8168,875,1219,1017,5075,780,0,8966,17134
2015,COD,NPL,Democratic Republic of the Congo,Nepal,REF,,,,0,0,0,0,0,0,0,0,0,0,5,0,0,5,5
2015,IND,NPL,India,Nepal,OOC,,,,0,0,0,378,0,0,378,0,0,0,0,0,0,0,378
2015,IRN,NPL,Iran (Islamic Republic of),Nepal,REF,,,,0,0,0,0,0,0,0,0,0,0,6,0,0,6,6
2015,IRQ,NPL,Iraq,Nepal,REF,,,,0,0,0,0,0,0,0,0,0,0,5,0,0,5,5
2015,LKA,NPL,Sri Lanka,Nepal,ASY,,,,0,0,0,0,0,0,0,0,0,0,0,0,0,0,0
2015,LKA,NPL,Sri Lanka,Nepal,REF,,,,0,0,0,7,0,0,7,0,0,6,9,0,0,15,22
2015,MMR,NPL,Myanmar,Nepal,ASY,,,,0,0,0,0,0,0,0,0,0,0,8,0,0,8,8
2015,MMR,NPL,Myanmar,Nepal,REF,,,,13,15,6,39,0,0,73,10,18,8,47,0,0,83,156
2015,PAK,NPL,Pakistan,Nepal,ASY,,,,0,0,0,0,0,0,0,0,0,0,7,0,0,7,7
2015,PAK,NPL,Pakistan,Nepal,REF,,,,16,19,13,67,5,0,120,7,24,11,94,5,0,141,261
2015,SOM,NPL,Somalia,Nepal,REF,,,,0,0,0,0,0,0,0,0,0,0,11,0,0,11,11
2015,TIB,NPL,Tibetan,Nepal,OOC,,,,0,0,0,0,0,0,0,0,0,0,6,0,0,6,6
2015,TIB,NPL,Tibetan,Nepal,REF,,,,0,0,0,7500,0,0,7500,0,0,0,7500,0,0,7500,15000
2016,AFG,NPL,Afghanistan,Nepal,REF,,,,5,0,6,17,0,0,28,5,9,0,17,0,0,31,59
2016,BGD,NPL,Bangladesh,Nepal,ASY,,,,0,0,0,0,0,0,0,0,0,0,0,0,0,0,0
2016,BGD,NPL,Bangladesh,Nepal,REF,,,,0,0,0,5,0,0,5,0,0,0,7,0,0,7,12
2016,BTN,NPL,Bhutan,Nepal,REF,,,,476,793,676,2928,444,0,5317,509,853,651,3272,611,0,5896,11213
2016,COD,NPL,Democratic Republic of the Congo,Nepal,REF,,,,0,0,0,0,0,0,0,0,0,0,5,0,0,5,5
2016,IND,NPL,India,Nepal,OOC,,,,0,0,0,264,0,0,264,0,0,0,0,0,0,0,264
2016,IRN,NPL,Iran (Islamic Republic of),Nepal,REF,,,,0,0,0,0,0,0,0,0,0,0,5,0,0,5,5
2016,IRQ,NPL,Iraq,Nepal,REF,,,,0,0,0,0,0,0,0,0,0,0,0,0,0,0,0
2016,LKA,NPL,Sri Lanka,Nepal,REF,,,,0,0,0,7,0,0,7,0,5,0,10,0,0,15,22
2016,MMR,NPL,Myanmar,Nepal,ASY,,,,5,9,0,14,0,0,28,5,7,5,12,0,0,29,57
2016,MMR,NPL,Myanmar,Nepal,REF,,,,12,14,6,37,0,0,69,12,17,11,36,5,0,81,150
2016,NPL,NPL,Nepal,Nepal,OOC,,,,0,0,0,585,0,0,585,0,0,0,0,0,0,0,585
2016,PAK,NPL,Pakistan,Nepal,ASY,,,,0,0,0,0,0,0,0,0,0,0,5,0,0,5,5
2016,PAK,NPL,Pakistan,Nepal,REF,,,,13,20,10,74,0,0,117,10,20,11,99,0,0,140,257
2016,SOM,NPL,Somalia,Nepal,ASY,,,,0,0,0,0,0,0,0,0,0,0,9,0,0,9,9
2016,SOM,NPL,Somalia,Nepal,REF,,,,0,0,0,6,0,0,6,0,0,0,11,0,0,11,17
2016,TIB,NPL,Tibetan,Nepal,REF,,,,0,0,0,7003,0,0,7003,0,0,0,6506,0,0,6506,13509
2016,UKR,NPL,Ukraine,Nepal,ASY,,,,0,0,0,0,0,0,0,0,0,0,0,0,0,0,0
2017,AFG,NPL,Afghanistan,Nepal,ASY,,,,0,0,0,0,0,0,0,0,0,0,0,0,0,0,0
2017,AFG,NPL,Afghanistan,Nepal,REF,,,,5,0,6,16,0,0,27,5,7,0,18,0,0,30,57
2017,BGD,NPL,Bangladesh,Nepal,ASY,,,,0,0,0,0,0,0,0,0,0,0,0,0,0,0,0
2017,BGD,NPL,Bangladesh,Nepal,REF,,,,0,0,0,5,0,0,5,0,0,0,7,0,0,7,12
2017,BTN,NPL,Bhutan,Nepal,REF,,,,266,497,415,1893,345,0,3416,312,547,415,2254,478,0,4006,7422
2017,COD,NPL,Democratic Republic of the Congo,Nepal,REF,,,,0,0,0,0,0,0,0,0,0,0,0,0,0,0,0
2017,IND,NPL,India,Nepal,OOC,,,,0,0,0,235,0,0,235,0,0,0,0,0,0,0,235
2017,IRN,NPL,Iran (Islamic Republic of),Nepal,ASY,,,,0,0,0,0,0,0,0,0,0,0,0,0,0,0,0
2017,IRN,NPL,Iran (Islamic Republic of),Nepal,REF,,,,0,0,0,0,0,0,0,0,0,0,5,0,0,5,5
2017,IRQ,NPL,Iraq,Nepal,REF,,,,0,0,0,0,0,0,0,0,0,0,0,0,0,0,0
2017,LKA,NPL,Sri Lanka,Nepal,ASY,,,,0,5,0,0,0,0,5,0,0,0,0,0,0,0,5
2017,LKA,NPL,Sri Lanka,Nepal,REF,,,,0,0,0,7,0,0,7,0,0,5,8,0,0,13,20
2017,MMR,NPL,Myanmar,Nepal,ASY,,,,7,10,8,27,0,0,52,11,10,13,38,0,0,72,124
2017,MMR,NPL,Myanmar,Nepal,REF,,,,16,19,6,48,0,0,89,17,23,12,44,5,0,101,190
2017,NPL,NPL,Nepal,Nepal,OOC,,,,0,0,0,382,0,0,382,0,0,0,0,0,0,0,382
2017,PAK,NPL,Pakistan,Nepal,ASY,,,,0,0,0,7,0,0,7,0,0,0,9,0,0,9,16
2017,PAK,NPL,Pakistan,Nepal,REF,,,,10,17,10,67,0,0,104,8,16,10,90,0,0,124,228
2017,SOM,NPL,Somalia,Nepal,ASY,,,,0,0,0,0,0,0,0,0,0,0,5,0,0,5,5
2017,SOM,NPL,Somalia,Nepal,REF,,,,0,0,0,8,0,0,8,0,0,0,16,0,0,16,24
2017,TIB,NPL,Tibetan,Nepal,OOC,,,,0,0,0,0,0,0,0,0,0,0,8,0,0,8,8
2017,TIB,NPL,Tibetan,Nepal,REF,,,,0,0,0,7003,0,0,7003,0,0,0,6506,0,0,6506,13509
2018,AFG,NPL,Afghanistan,Nepal,REF,,,,0,5,6,15,0,0,26,0,6,6,17,0,0,29,55
2018,BGD,NPL,Bangladesh,Nepal,REF,,,,0,0,0,5,0,0,5,0,0,0,5,0,0,5,10
2018,BTN,NPL,Bhutan,Nepal,REF,,,,241,435,381,1711,307,0,3075,257,456,404,1989,445,0,3551,6626
2018,COD,NPL,Democratic Republic of the Congo,Nepal,REF,,,,0,0,0,0,0,0,0,0,0,0,0,0,0,0,0
2018,IND,NPL,India,Nepal,OOC,,,,0,0,0,195,5,0,200,0,0,0,0,0,0,0,214
2018,IRN,NPL,Iran (Islamic Republic of),Nepal,ASY,,,,0,0,0,0,0,0,0,0,0,0,0,0,0,0,0
2018,IRN,NPL,Iran (Islamic Republic of),Nepal,REF,,,,0,0,0,0,0,0,0,0,0,0,5,0,0,5,5
2018,IRQ,NPL,Iraq,Nepal,REF,,,,0,0,0,0,0,0,0,0,0,0,0,0,0,0,0
2018,LKA,NPL,Sri Lanka,Nepal,ASY,,,,0,0,0,0,0,0,0,0,0,0,0,0,0,0,0
2018,LKA,NPL,Sri Lanka,Nepal,REF,,,,0,0,0,7,0,0,7,0,0,5,8,0,0,13,20
2018,MMR,NPL,Myanmar,Nepal,ASY,,,,0,9,0,5,0,0,14,0,6,0,14,0,0,20,34
2018,MMR,NPL,Myanmar,Nepal,REF,,,,30,29,14,73,5,0,151,36,35,22,83,5,0,181,332
2018,NPL,NPL,Nepal,Nepal,OOC,,,,0,0,0,318,10,0,328,0,0,0,0,0,0,0,328
2018,PAK,NPL,Pakistan,Nepal,ASY,,,,0,8,0,0,0,0,8,0,0,0,9,0,0,9,17
2018,PAK,NPL,Pakistan,Nepal,REF,,,,7,18,9,65,0,0,99,6,13,11,84,5,0,119,218
2018,SOM,NPL,Somalia,Nepal,REF,,,,0,0,0,10,0,0,10,5,0,0,14,0,0,19,29
2018,TIB,NPL,Tibetan,Nepal,REF,,,,0,0,0,7003,0,0,7003,0,0,0,6506,0,0,6506,13509
2018,TGO,NPL,Togo,Nepal,ASY,,,,0,0,0,0,0,0,0,0,0,0,0,0,0,0,0
2019,AFG,NPL,Afghanistan,Nepal,ASY,,,,0,0,0,0,0,0,0,0,0,0,0,0,0,0,0
2019,AFG,NPL,Afghanistan,Nepal,REF,,,,0,5,5,15,0,0,25,0,5,5,16,0,0,26,51
2019,BGD,NPL,Bangladesh,Nepal,REF,,,,0,0,0,0,0,0,0,0,0,0,5,0,0,5,5
2019,BTN,NPL,Bhutan,Nepal,REF,,,,224,400,357,1674,320,0,2975,235,428,389,1916,453,0,3421,6396
2019,COD,NPL,Democratic Republic of the Congo,Nepal,REF,,,,0,0,0,0,0,0,0,0,0,0,0,0,0,0,0
2019,IND,NPL,India,Nepal,OOC,,,,0,0,0,183,7,0,190,0,0,0,0,0,0,0,210
2019,IRN,NPL,Iran (Islamic Republic of),Nepal,ASY,,,,0,0,0,0,0,0,0,0,0,0,5,0,0,5,5
2019,IRN,NPL,Iran (Islamic Republic of),Nepal,REF,,,,0,0,0,0,0,0,0,0,0,0,5,0,0,5,5
2019,IRQ,NPL,Iraq,Nepal,REF,,,,0,0,0,0,0,0,0,0,0,0,0,0,0,0,0
2019,LKA,NPL,Sri Lanka,Nepal,ASY,,,,0,7,0,0,0,0,7,0,0,0,0,0,0,0,7
2019,LKA,NPL,Sri Lanka,Nepal,REF,,,,0,0,0,7,0,0,7,0,0,5,8,0,0,13,20
2019,MMR,NPL,Myanmar,Nepal,ASY,,,,0,0,5,0,0,0,5,0,0,0,6,0,0,6,11
2019,MMR,NPL,Myanmar,Nepal,REF,,,,32,34,17,74,5,0,162,32,39,24,89,5,0,189,351
2019,NPL,NPL,Nepal,Nepal,OOC,,,,0,0,0,315,9,0,324,0,0,0,0,0,0,0,324
2019,PAK,NPL,Pakistan,Nepal,ASY,,,,0,6,0,7,0,0,13,0,0,6,11,0,0,17,30
2019,PAK,NPL,Pakistan,Nepal,REF,,,,5,12,6,53,0,0,76,6,11,6,71,6,0,100,176
2019,SOM,NPL,Somalia,Nepal,ASY,,,,0,0,0,0,0,0,0,0,0,0,0,0,0,0,0
2019,SOM,NPL,Somalia,Nepal,REF,,,,0,0,0,9,0,0,9,0,0,0,17,0,0,17,26
2019,TIB,NPL,Tibetan,Nepal,REF,,,,0,0,0,6520,0,0,6520,0,0,0,6020,0,0,6020,12540
2019,TGO,NPL,Togo,Nepal,ASY,,,,0,0,0,0,0,0,0,0,0,0,0,0,0,0,0
2019,YEM,NPL,Yemen,Nepal,ASY,,,,0,0,0,0,0,0,0,0,0,0,5,0,0,5,5
